"Chrom","Position","RSID","Reference","Alternate","Consequence","Protein Consequence","Transcript Consequence","Filter","Annotation","Flags","Allele Count","Allele Number","Number of Homozygotes","Allele Frequency","Allele Count African","Allele Number African","Homozygote Count African","Allele Count East Asian","Allele Number East Asian","Homozygote Count East Asian","Allele Count European (Non-Finnish)","Allele Number European (Non-Finnish)","Homozygote Count European (Non-Finnish)","Allele Count Finnish","Allele Number Finnish","Homozygote Count Finnish","Allele Count Latino","Allele Number Latino","Homozygote Count Latino","Allele Count Other","Allele Number Other","Homozygote Count Other","Allele Count South Asian","Allele Number South Asian","Homozygote Count South Asian"
"14","20779665",".","C","T","","","c.*44G>A","PASS","3' UTR","","1","120788","0","0.000008279","0","10058","0","1","8634","0","0","66568","0","0","6612","0","0","11556","0","0","902","0","0","16458","0"
"14","20779667",".","C","T","","","c.*42G>A","PASS","3' UTR","","1","120824","0","0.000008277","0","10062","0","0","8634","0","0","66590","0","0","6612","0","1","11558","0","0","902","0","0","16466","0"
"14","20779683",".","C","T","","","c.*26G>A","PASS","3' UTR","","1","120910","0","0.000008271","0","10088","0","0","8642","0","1","66616","0","0","6614","0","0","11560","0","0","902","0","0","16488","0"
"14","20779689",".","T","G","","","c.*20A>C","PASS","3' UTR","","3","120956","0","0.00002480","0","10116","0","0","8644","0","3","66620","0","0","6614","0","0","11560","0","0","902","0","0","16500","0"
"14","20779691","rs181714795","C","G","","","c.*18G>C","PASS","3' UTR","","6","120988","0","0.00004959","0","10144","0","4","8644","0","0","66624","0","0","6614","0","2","11560","0","0","902","0","0","16500","0"
"14","20779691","rs181714795","C","T","","","c.*18G>A","PASS","3' UTR","","11","120988","0","0.00009092","0","10144","0","4","8644","0","7","66624","0","0","6614","0","0","11560","0","0","902","0","0","16500","0"
"14","20779692",".","G","A","","","c.*17C>T","PASS","3' UTR","","7","121012","0","0.00005785","0","10156","0","4","8644","0","2","66632","0","0","6614","0","1","11560","0","0","902","0","0","16504","0"
"14","20779702",".","G","A","","","c.*7C>T","PASS","3' UTR","","1","121130","0","0.000008256","0","10236","0","0","8644","0","1","66662","0","0","6614","0","0","11564","0","0","902","0","0","16508","0"
"14","20779703",".","C","T","","","c.*6G>A","PASS","3' UTR","","15","121142","0","0.0001238","0","10244","0","15","8646","0","0","66666","0","0","6614","0","0","11562","0","0","902","0","0","16508","0"
"14","20779704",".","G","A","","","c.*5C>T","PASS","3' UTR","","1","121162","0","0.000008253","0","10254","0","0","8646","0","0","66672","0","0","6614","0","0","11564","0","0","904","0","1","16508","0"
"14","20779714",".","T","C","p.Ile277Val","p.Ile277Val","c.829A>G","PASS","missense","","1","121230","0","0.000008249","0","10298","0","0","8648","0","1","66684","0","0","6614","0","0","11570","0","0","906","0","0","16510","0"
"14","20779716",".","CTT","C","p.Arg276AsnfsTer6","p.Arg276AsnfsTer6","c.825_826delAA","PASS","frameshift","LC LoF","2","121230","0","0.00001650","0","10298","0","0","8648","0","0","66684","0","0","6614","0","0","11570","0","0","906","0","2","16510","0"
"14","20779733",".","C","G","p.Arg270Ser","p.Arg270Ser","c.810G>C","PASS","missense","","1","121314","0","0.000008243","0","10352","0","0","8652","0","1","66708","0","0","6614","0","0","11572","0","0","906","0","0","16510","0"
"14","20779737",".","C","T","p.Ser269Asn","p.Ser269Asn","c.806G>A","PASS","missense","","1","121318","0","0.000008243","1","10358","0","0","8652","0","0","66706","0","0","6614","0","0","11572","0","0","906","0","0","16510","0"
"14","20779741","rs138002924","A","G","p.Ser268Pro","p.Ser268Pro","c.802T>C","PASS","missense","","79","121324","1","0.0006511","72","10362","1","0","8652","0","1","66708","0","0","6614","0","5","11572","0","0","906","0","1","16510","0"
"14","20779743",".","A","G","p.Val267Ala","p.Val267Ala","c.800T>C","PASS","missense","","1","121328","0","0.000008242","0","10366","0","0","8652","0","1","66708","0","0","6614","0","0","11572","0","0","906","0","0","16510","0"
"14","20779757","rs149452999","T","C","p.Leu262Leu","p.Leu262Leu","c.786A>G","PASS","synonymous","","2","121332","0","0.00001648","2","10370","0","0","8652","0","0","66708","0","0","6614","0","0","11572","0","0","906","0","0","16510","0"
"14","20779768",".","T","C","p.Ser259Gly","p.Ser259Gly","c.775A>G","PASS","missense","","2","121330","0","0.00001648","0","10372","0","2","8652","0","0","66704","0","0","6614","0","0","11572","0","0","906","0","0","16510","0"
"14","20779775",".","G","A","p.Val256Val","p.Val256Val","c.768C>T","PASS","synonymous","","3","121332","0","0.00002473","0","10378","0","3","8652","0","0","66700","0","0","6614","0","0","11572","0","0","906","0","0","16510","0"
"14","20779781",".","A","T","p.Ser254Arg","p.Ser254Arg","c.762T>A","PASS","missense","","1","121334","0","0.000008242","0","10382","0","0","8652","0","0","66698","0","0","6614","0","0","11572","0","0","906","0","1","16510","0"
"14","20779799",".","G","T","p.Pro248Pro","p.Pro248Pro","c.744C>A","PASS","synonymous","MNP","1","121322","0","0.000008243","0","10384","0","0","8648","0","1","66694","0","0","6614","0","0","11568","0","0","906","0","0","16508","0"
"14","20779800",".","G","C","p.Pro248Arg","p.Pro248Arg","c.743C>G","PASS","missense","MNP","3","121326","0","0.00002473","0","10386","0","1","8648","0","2","66696","0","0","6614","0","0","11568","0","0","906","0","0","16508","0"
"14","20779807",".","G","A","p.Pro246Ser","p.Pro246Ser","c.736C>T","PASS","missense","","4","121316","0","0.00003297","0","10384","0","3","8648","0","1","66692","0","0","6614","0","0","11568","0","0","906","0","0","16504","0"
"14","20779812",".","G","A","p.Thr244Ile","p.Thr244Ile","c.731C>T","PASS","missense","","1","121312","0","0.000008243","0","10384","0","0","8648","0","1","66688","0","0","6614","0","0","11568","0","0","906","0","0","16504","0"
"14","20779815",".","G","A","p.Pro243Leu","p.Pro243Leu","c.728C>T","PASS","missense","","2","121298","0","0.00001649","0","10382","0","0","8646","0","2","66682","0","0","6614","0","0","11566","0","0","906","0","0","16502","0"
"14","20779820",".","A","G","p.Gly241Gly","p.Gly241Gly","c.723T>C","PASS","synonymous","","1","121306","0","0.000008244","0","10382","0","0","8648","0","0","66686","0","0","6614","0","0","11568","0","0","906","0","1","16502","0"
"14","20779822","rs147146951","C","T","p.Gly241Ser","p.Gly241Ser","c.721G>A","PASS","missense","","48","121302","0","0.0003957","0","10382","0","0","8648","0","41","66682","0","6","6614","0","0","11568","0","0","906","0","1","16502","0"
"14","20779823",".","C","T","p.Ala240Ala","p.Ala240Ala","c.720G>A","PASS","synonymous","","64","121298","1","0.0005276","1","10382","0","0","8646","0","1","66680","0","0","6614","0","1","11568","0","1","906","0","60","16502","1"
"14","20779824",".","G","A","p.Ala240Val","p.Ala240Val","c.719C>T","PASS","missense","","5","121286","0","0.00004122","0","10382","0","0","8648","0","2","66668","0","0","6614","0","1","11568","0","0","906","0","2","16500","0"
"14","20779829",".","A","C","p.Phe238Leu","p.Phe238Leu","c.714T>G","PASS","missense","","4","121290","0","0.00003298","0","10382","0","0","8648","0","4","66674","0","0","6614","0","0","11564","0","0","906","0","0","16502","0"
"14","20779835","rs138897093","T","C","p.Arg236Arg","p.Arg236Arg","c.708A>G","PASS","synonymous","","41","121286","0","0.0003380","2","10382","0","0","8648","0","19","66672","0","0","6614","0","13","11562","0","1","906","0","6","16502","0"
"14","20779846",".","A","AATCTCC","p.Gly231_Asp232dup","p.Gly231_Asp232dup","c.691_696dupGGAGAT","PASS","inframe insertion","","2","121266","0","0.00001649","0","10382","0","0","8648","0","2","66662","0","0","6612","0","0","11558","0","0","906","0","0","16498","0"
"14","20779852",".","C","T","p.Gly231Arg","p.Gly231Arg","c.691G>A","PASS","missense","","1","121256","0","0.000008247","0","10382","0","0","8648","0","1","66658","0","0","6612","0","0","11554","0","0","904","0","0","16498","0"
"14","20779853",".","A","C","p.Asp230Glu","p.Asp230Glu","c.690T>G","PASS","missense","","1","121256","0","0.000008247","0","10382","0","0","8648","0","0","66658","0","0","6612","0","1","11554","0","0","904","0","0","16498","0"
"14","20779862","rs142906707","G","A","p.Gly227Gly","p.Gly227Gly","c.681C>T","PASS","synonymous","","28","121230","0","0.0002310","1","10376","0","0","8646","0","27","66640","0","0","6612","0","0","11554","0","0","904","0","0","16498","0"
"14","20779863",".","C","A","p.Gly227Val","p.Gly227Val","c.680G>T","PASS","missense","","2","121222","0","0.00001650","0","10374","0","2","8646","0","0","66636","0","0","6612","0","0","11554","0","0","902","0","0","16498","0"
"14","20779866",".","C","T","p.Arg226Gln","p.Arg226Gln","c.677G>A","PASS","missense","","2","121210","0","0.00001650","0","10372","0","0","8644","0","0","66630","0","0","6612","0","0","11554","0","0","902","0","2","16496","0"
"14","20779873",".","G","A","p.Arg224Ter","p.Arg224Ter","c.670C>T","PASS","stop gained","","2","121186","0","0.00001650","0","10374","0","0","8644","0","2","66608","0","0","6612","0","0","11554","0","0","902","0","0","16492","0"
"14","20779879","rs147393200","G","T","p.Pro222Thr","p.Pro222Thr","c.664C>A","PASS","missense","","8","121174","0","0.00006602","8","10370","0","0","8644","0","0","66604","0","0","6612","0","0","11552","0","0","902","0","0","16490","0"
"14","20779881","rs148455256","G","T","p.Thr221Lys","p.Thr221Lys","c.662C>A","PASS","missense","","2","121168","0","0.00001651","1","10368","0","0","8642","0","1","66602","0","0","6612","0","0","11552","0","0","902","0","0","16490","0"
"14","20779881","rs148455256","G","A","p.Thr221Ile","p.Thr221Ile","c.662C>T","PASS","missense","","2","121168","0","0.00001651","0","10368","0","2","8642","0","0","66602","0","0","6612","0","0","11552","0","0","902","0","0","16490","0"
"14","20779892",".","A","T","p.Pro217Pro","p.Pro217Pro","c.651T>A","PASS","synonymous","","1","121102","0","0.000008258","1","10352","0","0","8636","0","0","66566","0","0","6612","0","0","11546","0","0","902","0","0","16488","0"
"14","20779894",".","G","A","p.Pro217Ser","p.Pro217Ser","c.649C>T","PASS","missense","","1","121062","0","0.000008260","0","10342","0","0","8634","0","0","66544","0","0","6610","0","1","11544","0","0","902","0","0","16486","0"
"14","20779898",".","C","T","p.Lys215Lys","p.Lys215Lys","c.645G>A","PASS","synonymous","","3","121044","0","0.00002478","0","10334","0","0","8634","0","0","66534","0","0","6610","0","3","11544","0","0","902","0","0","16486","0"
"14","20779898",".","CTT","C","p.Lys215ValfsTer5","p.Lys215ValfsTer5","c.643_644delAA","PASS","frameshift","","1","121044","0","0.000008261","1","10334","0","0","8634","0","0","66534","0","0","6610","0","0","11544","0","0","902","0","0","16486","0"
"14","20779899",".","T","C","p.Lys215Arg","p.Lys215Arg","c.644A>G","PASS","missense","","13","121018","0","0.0001074","0","10330","0","0","8628","0","11","66520","0","0","6610","0","0","11544","0","0","902","0","2","16484","0"
"14","20779901","rs142639045","G","A","p.Ser214Ser","p.Ser214Ser","c.642C>T","PASS","synonymous","","1","121000","0","0.000008264","0","10326","0","0","8630","0","1","66510","0","0","6610","0","0","11542","0","0","900","0","0","16482","0"
"14","20779908",".","T","C","p.Asn212Ser","p.Asn212Ser","c.635A>G","PASS","missense","","1","120806","0","0.000008278","1","10268","0","0","8626","0","0","66402","0","0","6604","0","0","11534","0","0","898","0","0","16474","0"
"14","20779909","rs150637404","T","C","p.Asn212Asp","p.Asn212Asp","c.634A>G","PASS","missense","","15","120742","0","0.0001242","15","10248","0","0","8622","0","0","66368","0","0","6604","0","0","11530","0","0","898","0","0","16472","0"
"14","20779915",".","G","A","c.632-4C>T","","c.632-4C>T","PASS","splice region","","1","120306","0","0.000008312","0","10186","0","0","8558","0","1","66106","0","0","6604","0","0","11502","0","0","896","0","0","16454","0"
"14","20779920",".","G","GA","","","c.632-10dupT","PASS","intron","","1","118460","0","0.000008442","0","9966","0","0","8362","0","0","64956","0","0","6570","0","0","11398","0","0","894","0","1","16314","0"
"14","20779930",".","A","G","","","c.632-19T>C","PASS","intron","","2","116566","0","0.00001716","0","9776","0","0","8188","0","0","63776","0","0","6520","0","0","11268","0","0","884","0","2","16154","0"
"14","20779936",".","A","G","","","c.632-25T>C","PASS","intron","","1","113020","0","0.000008848","0","9392","0","0","7796","0","0","61762","0","0","6374","0","1","10994","0","0","862","0","0","15840","0"
"14","20779941","rs145167929","T","G","","","c.632-30A>C","PASS","intron","","1","109434","0","0.000009138","0","8952","0","0","7404","0","0","59686","0","0","6232","0","1","10758","0","0","848","0","0","15554","0"
"14","20779947",".","C","A","","","c.632-36G>T","PASS","intron","","4","104608","0","0.00003824","0","8316","0","0","6890","0","0","56810","0","0","6100","0","0","10558","0","0","828","0","4","15106","0"
"14","20779948",".","ATT","A","","","c.632-39_632-38delAA","PASS","intron","","1","104778","0","0.000009544","0","8312","0","0","6918","0","1","56922","0","0","6102","0","0","10578","0","0","828","0","0","15118","0"
"14","20779952",".","G","A","","","c.632-41C>T","PASS","intron","","11","100468","0","0.0001095","0","7778","0","0","6402","0","5","54418","0","5","5956","0","0","10352","0","1","804","0","0","14758","0"
"14","20779954",".","T","C","","","c.632-43A>G","PASS","intron","","1","98752","0","0.00001013","0","7598","0","0","6204","0","0","53422","0","0","5882","0","0","10274","0","0","796","0","1","14576","0"
"14","20779960",".","T","C","","","c.632-49A>G","PASS","intron","","1","92256","0","0.00001084","0","6988","0","0","5462","0","1","49652","0","0","5580","0","0","9748","0","0","744","0","0","14082","0"
"14","20781576",".","T","TA","","","c.631+50dupT","PASS","intron","","1","110964","0","0.000009012","0","10210","0","0","8528","0","1","64086","0","0","6610","0","0","11474","0","0","790","0","0","9266","0"
"14","20781581",".","A","C","","","c.631+46T>G","PASS","intron","","1","111022","0","0.000009007","1","10220","0","0","8532","0","0","64124","0","0","6610","0","0","11472","0","0","790","0","0","9274","0"
"14","20781583",".","T","C","","","c.631+44A>G","PASS","intron","","1","111016","0","0.000009008","0","10220","0","0","8530","0","0","64122","0","1","6610","0","0","11474","0","0","790","0","0","9270","0"
"14","20781586",".","T","C","","","c.631+41A>G","PASS","intron","","15","111032","0","0.0001351","15","10220","0","0","8532","0","0","64126","0","0","6610","0","0","11478","0","0","790","0","0","9276","0"
"14","20781603",".","C","A","","","c.631+24G>T","PASS","intron","","1","111388","0","0.000008978","0","10238","0","0","8550","0","1","64252","0","0","6614","0","0","11482","0","0","794","0","0","9458","0"
"14","20781603",".","C","T","","","c.631+24G>A","PASS","intron","","2","111388","0","0.00001796","1","10238","0","0","8550","0","1","64252","0","0","6614","0","0","11482","0","0","794","0","0","9458","0"
"14","20781605",".","CT","C","","","c.631+21delA","PASS","intron","","1","111524","0","0.000008967","0","10242","0","0","8556","0","1","64282","0","0","6614","0","0","11488","0","0","796","0","0","9546","0"
"14","20781612",".","C","G","","","c.631+15G>C","PASS","intron","","1","111804","0","0.000008944","0","10252","0","0","8564","0","1","64342","0","0","6614","0","0","11496","0","0","800","0","0","9736","0"
"14","20781619",".","T","C","c.631+8A>G","","c.631+8A>G","PASS","splice region","","1","112436","0","0.000008894","0","10268","0","0","8578","0","0","64490","0","0","6614","0","1","11504","0","0","810","0","0","10172","0"
"14","20781624",".","T","C","c.631+3A>G","","c.631+3A>G","PASS","splice region","","1","112842","0","0.000008862","0","10274","0","0","8584","0","0","64574","0","0","6614","0","0","11506","0","0","816","0","1","10474","0"
"14","20781631",".","T","C","p.Pro209Pro","p.Pro209Pro","c.627A>G","PASS","synonymous","","3","113830","0","0.00002636","0","10290","0","0","8608","0","2","64844","0","0","6614","0","1","11512","0","0","832","0","0","11130","0"
"14","20781641",".","A","G","p.Leu206Pro","p.Leu206Pro","c.617T>C","PASS","missense","","1","115382","0","0.000008667","0","10322","0","0","8640","0","0","65218","0","0","6614","0","0","11530","0","0","844","0","1","12214","0"
"14","20781653",".","T","C","p.Gln202Arg","p.Gln202Arg","c.605A>G","PASS","missense","","7","117444","0","0.00005960","0","10366","0","0","8646","0","0","65726","0","0","6614","0","0","11550","0","0","868","0","7","13674","0"
"14","20781665",".","G","T","p.Ser198Tyr","p.Ser198Tyr","c.593C>A","PASS","missense","","19","118972","0","0.0001597","0","10394","0","0","8652","0","8","66092","0","10","6614","0","0","11564","0","1","884","0","0","14772","0"
"14","20781680",".","C","G","p.Gly193Ala","p.Gly193Ala","c.578G>C","PASS","missense","","3","120468","1","0.00002490","0","10404","0","0","8654","0","0","66478","0","0","6614","0","0","11574","0","0","904","0","3","15840","1"
"14","20781686",".","T","C","p.His191Arg","p.His191Arg","c.572A>G","PASS","missense","","1","120862","0","0.000008274","0","10406","0","0","8654","0","1","66578","0","0","6614","0","0","11576","0","0","904","0","0","16130","0"
"14","20781687","rs139806744","G","C","p.His191Asp","p.His191Asp","c.571C>G","PASS","missense","","2","120902","0","0.00001654","0","10406","0","0","8654","0","2","66584","0","0","6614","0","0","11576","0","0","904","0","0","16164","0"
"14","20781692",".","G","A","p.Ala189Val","p.Ala189Val","c.566C>T","PASS","missense","","1","121026","0","0.000008263","0","10406","0","0","8654","0","1","66626","0","0","6614","0","0","11576","0","0","904","0","0","16246","0"
"14","20781692",".","G","C","p.Ala189Gly","p.Ala189Gly","c.566C>G","PASS","missense","","1","121026","0","0.000008263","0","10406","0","0","8654","0","0","66626","0","0","6614","0","0","11576","0","0","904","0","1","16246","0"
"14","20781699",".","T","C","p.Thr187Ala","p.Thr187Ala","c.559A>G","PASS","missense","","389","121134","5","0.003211","0","10406","0","1","8654","0","2","66662","0","0","6614","0","2","11576","0","0","906","0","384","16316","5"
"14","20781702",".","T","A","p.Ile186Phe","p.Ile186Phe","c.556A>T","PASS","missense","","1","121170","0","0.000008253","1","10406","0","0","8654","0","0","66672","0","0","6614","0","0","11578","0","0","906","0","0","16340","0"
"14","20781707","rs143558939","C","T","p.Arg184Gln","p.Arg184Gln","c.551G>A","PASS","missense","","2","121218","0","0.00001650","1","10406","0","0","8654","0","1","66684","0","0","6614","0","0","11578","0","0","906","0","0","16376","0"
"14","20781725",".","T","C","p.Tyr178Cys","p.Tyr178Cys","c.533A>G","PASS","missense","","4","121352","0","0.00003296","0","10406","0","0","8654","0","4","66726","0","0","6614","0","0","11578","0","0","906","0","0","16468","0"
"14","20781727",".","G","A","p.Leu177Leu","p.Leu177Leu","c.531C>T","PASS","synonymous","","1","121356","0","0.000008240","0","10406","0","0","8654","0","1","66728","0","0","6614","0","0","11578","0","0","906","0","0","16470","0"
"14","20781731",".","C","G","p.Gly176Ala","p.Gly176Ala","c.527G>C","PASS","missense","","1","121366","0","0.000008240","0","10406","0","0","8654","0","1","66732","0","0","6614","0","0","11578","0","0","906","0","0","16476","0"
"14","20781739",".","C","A","p.Lys173Asn","p.Lys173Asn","c.519G>T","PASS","missense","","1","121378","0","0.000008239","0","10406","0","0","8654","0","0","66732","0","0","6614","0","1","11578","0","0","906","0","0","16488","0"
"14","20781744",".","G","C","p.Gln172Glu","p.Gln172Glu","c.514C>G","PASS","missense","","1","121384","0","0.000008238","0","10406","0","0","8652","0","1","66732","0","0","6614","0","0","11578","0","0","906","0","0","16496","0"
"14","20781746",".","TACTG","T","p.Gln170IlefsTer29","p.Gln170IlefsTer29","c.508_511delCAGT","PASS","frameshift","","2","121386","0","0.00001648","0","10406","0","0","8652","0","2","66734","0","0","6614","0","0","11578","0","0","906","0","0","16496","0"
"14","20781749",".","T","C","p.Gln170Arg","p.Gln170Arg","c.509A>G","PASS","missense","","1","121384","0","0.000008238","0","10406","0","0","8652","0","1","66728","0","0","6614","0","0","11576","0","0","906","0","0","16502","0"
"14","20781752","rs146791686","C","T","p.Arg169His","p.Arg169His","c.506G>A","PASS","missense","","3","121390","0","0.00002471","3","10406","0","0","8652","0","0","66730","0","0","6614","0","0","11576","0","0","906","0","0","16506","0"
"14","20781759",".","G","A","p.Arg167Cys","p.Arg167Cys","c.499C>T","PASS","missense","","1","121382","0","0.000008238","0","10406","0","0","8652","0","1","66728","0","0","6614","0","0","11574","0","0","906","0","0","16502","0"
"14","20781760",".","C","T","p.Glu166Glu","p.Glu166Glu","c.498G>A","PASS","synonymous","","1","121386","0","0.000008238","0","10406","0","0","8652","0","0","66730","0","0","6614","0","1","11574","0","0","906","0","0","16504","0"
"14","20781764",".","A","G","p.Met165Thr","p.Met165Thr","c.494T>C","PASS","missense","","2","121384","0","0.00001648","0","10406","0","0","8652","0","2","66732","0","0","6614","0","0","11574","0","0","906","0","0","16500","0"
"14","20781764",".","A","C","p.Met165Arg","p.Met165Arg","c.494T>G","PASS","missense","","2","121384","0","0.00001648","1","10406","0","0","8652","0","0","66732","0","0","6614","0","1","11574","0","0","906","0","0","16500","0"
"14","20781766","rs139737493","A","G","p.Leu164Leu","p.Leu164Leu","c.492T>C","PASS","synonymous","","4","121382","0","0.00003295","4","10406","0","0","8652","0","0","66730","0","0","6614","0","0","11574","0","0","906","0","0","16500","0"
"14","20781775",".","A","T","p.Ser161Ser","p.Ser161Ser","c.483T>A","PASS","synonymous","","1","121382","0","0.000008238","0","10406","0","0","8650","0","1","66732","0","0","6614","0","0","11574","0","0","906","0","0","16500","0"
"14","20781778",".","G","A","p.Ile160Ile","p.Ile160Ile","c.480C>T","PASS","synonymous","","1","121374","0","0.000008239","0","10406","0","0","8650","0","0","66730","0","0","6612","0","0","11572","0","0","906","0","1","16498","0"
"14","20781783",".","C","T","p.Asp159Asn","p.Asp159Asn","c.475G>A","PASS","missense","","1","121364","0","0.000008240","0","10406","0","0","8650","0","0","66728","0","0","6612","0","0","11570","0","0","906","0","1","16492","0"
"14","20781788",".","A","T","p.Phe157Tyr","p.Phe157Tyr","c.470T>A","PASS","missense","","1","121360","0","0.000008240","1","10406","0","0","8650","0","0","66726","0","0","6612","0","0","11568","0","0","906","0","0","16492","0"
"14","20781790",".","CT","C","p.Lys156SerfsTer44","p.Lys156SerfsTer44","c.467delA","PASS","frameshift","","1","121356","0","0.000008240","0","10406","0","0","8650","0","1","66724","0","0","6612","0","0","11568","0","0","906","0","0","16490","0"
"14","20781801",".","ATTC","A","p.Glu152del","p.Glu152del","c.454_456delGAA","PASS","inframe deletion","","1","121348","0","0.000008241","0","10404","0","0","8650","0","1","66726","0","0","6612","0","0","11568","0","0","906","0","0","16482","0"
"14","20781803",".","T","G","p.Glu152Ala","p.Glu152Ala","c.455A>C","PASS","missense","","2","121346","0","0.00001648","0","10404","0","0","8650","0","2","66726","0","0","6612","0","0","11568","0","0","906","0","0","16480","0"
"14","20781814",".","T","C","p.Lys148Lys","p.Lys148Lys","c.444A>G","PASS","synonymous","","1","121336","0","0.000008242","1","10404","0","0","8650","0","0","66720","0","0","6612","0","0","11568","0","0","904","0","0","16478","0"
"14","20781822",".","T","C","p.Met146Val","p.Met146Val","c.436A>G","PASS","missense","","2","121312","0","0.00001649","0","10402","0","1","8648","0","1","66712","0","0","6612","0","0","11568","0","0","904","0","0","16466","0"
"14","20781852",".","A","G","p.Leu136Leu","p.Leu136Leu","c.406T>C","PASS","synonymous","","1","121226","0","0.000008249","0","10398","0","0","8648","0","1","66662","0","0","6610","0","0","11566","0","0","902","0","0","16440","0"
"14","20781861",".","C","A","p.Asp133Tyr","p.Asp133Tyr","c.397G>T","PASS","missense","","1","121156","0","0.000008254","0","10396","0","0","8646","0","1","66622","0","0","6610","0","0","11562","0","0","902","0","0","16418","0"
"14","20781862",".","C","T","p.Lys132Lys","p.Lys132Lys","c.396G>A","PASS","synonymous","","1","121150","0","0.000008254","0","10394","0","0","8648","0","0","66616","0","0","6610","0","0","11562","0","0","902","0","1","16418","0"
"14","20781876",".","G","A","p.Gln128Ter","p.Gln128Ter","c.382C>T","PASS","stop gained","","1","120912","0","0.000008270","0","10382","0","0","8648","0","0","66516","0","0","6612","0","1","11562","0","0","902","0","0","16290","0"
"14","20781884",".","T","A","p.Tyr125Phe","p.Tyr125Phe","c.374A>T","PASS","missense","","1","120598","0","0.000008292","1","10362","0","0","8648","0","0","66416","0","0","6614","0","0","11556","0","0","900","0","0","16102","0"
"14","20781885",".","A","G","p.Tyr125His","p.Tyr125His","c.373T>C","PASS","missense","","1","120544","0","0.000008296","0","10358","0","0","8648","0","1","66400","0","0","6614","0","0","11554","0","0","898","0","0","16072","0"
"14","20781889",".","C","T","p.Lys123Lys","p.Lys123Lys","c.369G>A","PASS","synonymous","","1","120172","0","0.000008321","1","10324","0","0","8646","0","0","66290","0","0","6614","0","0","11554","0","0","892","0","0","15852","0"
"14","20781898",".","C","T","p.Gln120Gln","p.Gln120Gln","c.360G>A","PASS","synonymous","","1","119596","0","0.000008361","0","10284","0","0","8644","0","1","66108","0","0","6614","0","0","11550","0","0","882","0","0","15514","0"
"14","20781915",".","C","G","p.Glu115Gln","p.Glu115Gln","c.343G>C","PASS","missense","","1","117802","0","0.000008489","0","10178","0","0","8638","0","1","65584","0","0","6614","0","0","11540","0","0","866","0","0","14382","0"
"14","20781919",".","C","A","p.Lys113Asn","p.Lys113Asn","c.339G>T","PASS","missense","","1","117452","0","0.000008514","0","10166","0","0","8636","0","1","65510","0","0","6612","0","0","11534","0","0","862","0","0","14132","0"
"14","20781939",".","G","T","p.Gln107Lys","p.Gln107Lys","c.319C>A","PASS","missense","","1","115364","0","0.000008668","0","10018","0","0","8594","0","0","64714","0","0","6610","0","0","11498","0","0","838","0","1","13092","0"
"14","20781942",".","A","G","p.Tyr106His","p.Tyr106His","c.316T>C","PASS","missense","","2","115034","0","0.00001739","0","9986","0","0","8582","0","2","64564","0","0","6610","0","0","11486","0","0","834","0","0","12972","0"
"14","20781947","rs144509565","C","T","p.Arg104His","p.Arg104His","c.311G>A","PASS","missense","","80","114140","1","0.0007009","1","9880","0","76","8556","1","1","64204","0","0","6608","0","0","11472","0","0","824","0","2","12596","0"
"14","20781975",".","A","C","","","c.298-15T>G","PASS","intron","","1","102914","0","0.000009717","0","8736","0","0","7992","0","1","58576","0","0","6520","0","0","11034","0","0","758","0","0","9298","0"
"14","20781979",".","A","C","","","c.298-19T>G","PASS","intron","","6","101244","0","0.00005926","0","8640","0","0","7898","0","0","57600","0","0","6480","0","6","10894","0","0","748","0","0","8984","0"
"14","20781990",".","G","A","","","c.298-30C>T","PASS","intron","","1","97964","0","0.00001021","0","8292","0","0","7656","0","0","55762","0","0","6450","0","1","10656","0","0","716","0","0","8432","0"
"14","20781996",".","G","A","","","c.298-36C>T","PASS","intron","","3","95968","0","0.00003126","0","8106","0","0","7544","0","0","54492","0","0","6414","0","3","10472","0","0","708","0","0","8232","0"
"14","20782012",".","T","C","","","c.298-52A>G","PASS","intron","","22","87988","0","0.0002500","22","7534","0","0","6976","0","0","49228","0","0","6252","0","0","9746","0","0","662","0","0","7590","0"
"14","20783921",".","T","C","","","c.297+465A>G","PASS","intron","","1","8886","0","0.0001125","0","176","0","0","128","0","1","2220","0","0","0","0","0","84","0","0","90","0","0","6188","0"
"14","20783974","rs140138325","G","A","","","c.297+412C>T","PASS","intron","","2","10026","0","0.0001995","0","186","0","0","132","0","2","2510","0","0","0","0","0","92","0","0","108","0","0","6998","0"
"14","20783999",".","T","TA","","","c.297+386dupT","PASS","intron","","1","9840","0","0.0001016","0","186","0","0","132","0","0","2466","0","0","0","0","0","90","0","0","108","0","1","6858","0"
"14","20784028",".","C","G","","","c.297+358G>C","PASS","intron","","4","9092","0","0.0004399","0","174","0","0","132","0","4","2270","0","0","0","0","0","86","0","0","96","0","0","6334","0"
"14","20784336",".","C","T","","","c.297+50G>A","PASS","intron","","1","115768","0","0.000008638","0","10108","0","0","8536","0","1","65226","0","0","6602","0","0","11480","0","0","848","0","0","12968","0"
"14","20784340",".","A","G","","","c.297+46T>C","PASS","intron","","1","115984","0","0.000008622","0","10116","0","0","8546","0","1","65316","0","0","6602","0","0","11482","0","0","854","0","0","13068","0"
"14","20784351",".","T","G","","","c.297+35A>C","PASS","intron","","2","116356","0","0.00001719","0","10126","0","2","8568","0","0","65398","0","0","6604","0","0","11500","0","0","856","0","0","13304","0"
"14","20784354",".","C","T","","","c.297+32G>A","PASS","intron","","1","116420","0","0.000008590","0","10140","0","0","8568","0","1","65416","0","0","6604","0","0","11502","0","0","858","0","0","13332","0"
"14","20784358",".","C","G","","","c.297+28G>C","PASS","intron","","1","116638","0","0.000008574","0","10156","0","0","8586","0","0","65460","0","0","6604","0","0","11508","0","0","860","0","1","13464","0"
"14","20784360","rs143875229","C","T","","","c.297+26G>A","PASS","intron","","388","116878","1","0.003320","6","10168","0","124","8590","1","194","65526","0","29","6604","0","18","11506","0","3","858","0","14","13626","0"
"14","20784373",".","A","C","","","c.297+13T>G","PASS","intron","","13","118168","0","0.0001100","13","10252","0","0","8620","0","0","65876","0","0","6606","0","0","11530","0","0","872","0","0","14412","0"
"14","20784376",".","A","G","","","c.297+10T>C","PASS","intron","","1","118550","0","0.000008435","0","10272","0","0","8630","0","1","65960","0","0","6610","0","0","11540","0","0","874","0","0","14664","0"
"14","20784381",".","C","T","c.297+5G>A","","c.297+5G>A","PASS","splice region","","2","119080","0","0.00001680","0","10288","0","0","8638","0","2","66094","0","0","6610","0","0","11548","0","0","886","0","0","15016","0"
"14","20784382",".","T","C","c.297+4A>G","","c.297+4A>G","PASS","splice region","","1","119258","0","0.000008385","0","10292","0","0","8640","0","0","66138","0","0","6610","0","0","11552","0","0","888","0","1","15138","0"
"14","20784389","rs146648962","A","G","p.Tyr98Tyr","p.Tyr98Tyr","c.294T>C","PASS","synonymous","","14","119994","0","0.0001167","0","10316","0","6","8642","0","7","66320","0","0","6610","0","0","11566","0","0","890","0","1","15650","0"
"14","20784389","rs146648962","A","T","p.Tyr98Ter","p.Tyr98Ter","c.294T>A","PASS","stop gained","","1","119994","0","0.000008334","1","10316","0","0","8642","0","0","66320","0","0","6610","0","0","11566","0","0","890","0","0","15650","0"
"14","20784392",".","T","A","p.Thr97Thr","p.Thr97Thr","c.291A>T","PASS","synonymous","","2","120232","0","0.00001663","0","10322","0","0","8644","0","2","66392","0","0","6610","0","0","11568","0","0","894","0","0","15802","0"
"14","20784392",".","T","G","p.Thr97Thr","p.Thr97Thr","c.291A>C","PASS","synonymous","","1","120232","0","0.000008317","0","10322","0","0","8644","0","1","66392","0","0","6610","0","0","11568","0","0","894","0","0","15802","0"
"14","20784392",".","T","C","p.Thr97Thr","p.Thr97Thr","c.291A>G","PASS","synonymous","","1","120232","0","0.000008317","1","10322","0","0","8644","0","0","66392","0","0","6610","0","0","11568","0","0","894","0","0","15802","0"
"14","20784394",".","T","C","p.Thr97Ala","p.Thr97Ala","c.289A>G","PASS","missense","","1","120390","0","0.000008306","0","10326","0","0","8644","0","1","66432","0","0","6612","0","0","11568","0","0","894","0","0","15914","0"
"14","20784394",".","T","A","p.Thr97Ser","p.Thr97Ser","c.289A>T","PASS","missense","","1","120390","0","0.000008306","0","10326","0","0","8644","0","0","66432","0","0","6612","0","1","11568","0","0","894","0","0","15914","0"
"14","20784401",".","G","C","p.Ala94Ala","p.Ala94Ala","c.282C>G","PASS","synonymous","","2","120930","0","0.00001654","0","10340","0","0","8650","0","0","66570","0","0","6614","0","0","11574","0","0","904","0","2","16278","0"
"14","20784407","rs117093816","C","A","p.Ala92Ala","p.Ala92Ala","c.276G>T","PASS","synonymous","","437","121096","11","0.003609","0","10358","0","426","8650","11","5","66604","0","0","6614","0","2","11576","0","3","906","0","1","16388","0"
"14","20784411",".","C","G","p.Arg91Pro","p.Arg91Pro","c.272G>C","PASS","missense","","2","121208","0","0.00001650","1","10374","0","0","8650","0","1","66630","0","0","6614","0","0","11576","0","0","906","0","0","16458","0"
"14","20784421",".","T","C","p.Ile88Val","p.Ile88Val","c.262A>G","PASS","missense","","2","121326","0","0.00001648","0","10396","0","0","8652","0","0","66674","0","0","6614","0","0","11576","0","0","906","0","2","16508","0"
"14","20784431","rs17242578","G","A","p.Ile84Ile","p.Ile84Ile","c.252C>T","PASS","synonymous","","7914","121328","428","0.06523","1372","10396","88","1210","8638","95","1696","66694","26","266","6612","5","1242","11570","74","58","906","1","2070","16512","139"
"14","20784431","rs17242578","G","C","p.Ile84Met","p.Ile84Met","c.252C>G","PASS","missense","","2","121328","0","0.00001648","0","10396","0","0","8638","0","2","66694","0","0","6612","0","0","11570","0","0","906","0","0","16512","0"
"14","20784437",".","T","A","p.Pro82Pro","p.Pro82Pro","c.246A>T","PASS","synonymous","","1","121374","0","0.000008239","0","10400","0","0","8652","0","1","66716","0","0","6614","0","0","11574","0","0","906","0","0","16512","0"
"14","20784451",".","C","A","p.Ala78Ser","p.Ala78Ser","c.232G>T","PASS","missense","","1","121396","0","0.000008238","0","10406","0","1","8652","0","0","66730","0","0","6614","0","0","11576","0","0","906","0","0","16512","0"
"14","20784457",".","C","T","p.Val76Ile","p.Val76Ile","c.226G>A","PASS","missense","","2","121400","0","0.00001647","0","10406","0","1","8652","0","1","66734","0","0","6614","0","0","11576","0","0","906","0","0","16512","0"
"14","20784458",".","C","T","p.Met75Ile","p.Met75Ile","c.225G>A","PASS","missense","","1","121396","0","0.000008238","0","10406","0","1","8652","0","0","66732","0","0","6614","0","0","11576","0","0","906","0","0","16510","0"
"14","20784473",".","C","T","p.Glu70Glu","p.Glu70Glu","c.210G>A","PASS","synonymous","","10","121406","0","0.00008237","0","10406","0","0","8654","0","0","66738","0","0","6614","0","10","11576","0","0","906","0","0","16512","0"
"14","20784487",".","G","C","p.Leu66Val","p.Leu66Val","c.196C>G","PASS","missense","","1","121408","0","0.000008237","1","10406","0","0","8654","0","0","66738","0","0","6614","0","0","11576","0","0","908","0","0","16512","0"
"14","20784491","rs150951243","T","C","p.Thr64Thr","p.Thr64Thr","c.192A>G","PASS","synonymous","","134","121408","0","0.001104","1","10406","0","0","8654","0","122","66738","0","11","6614","0","0","11576","0","0","908","0","0","16512","0"
"14","20784495",".","C","T","p.Arg63His","p.Arg63His","c.188G>A","PASS","missense","","1","121408","0","0.000008237","0","10406","0","0","8654","0","1","66738","0","0","6614","0","0","11576","0","0","908","0","0","16512","0"
"14","20784499",".","C","A","p.Val62Phe","p.Val62Phe","c.184G>T","PASS","missense","","2","121410","0","0.00001647","0","10406","0","0","8654","0","1","66740","0","0","6614","0","0","11576","0","0","908","0","1","16512","0"
"14","20784499",".","C","G","p.Val62Leu","p.Val62Leu","c.184G>C","PASS","missense","","4","121410","0","0.00003295","0","10406","0","0","8654","0","4","66740","0","0","6614","0","0","11576","0","0","908","0","0","16512","0"
"14","20784504",".","T","C","p.Asp60Gly","p.Asp60Gly","c.179A>G","PASS","missense","","1","121410","0","0.000008237","0","10406","0","0","8654","0","1","66740","0","0","6614","0","0","11576","0","0","908","0","0","16512","0"
"14","20784521",".","G","A","p.Thr54Thr","p.Thr54Thr","c.162C>T","PASS","synonymous","","42","121406","0","0.0003459","2","10406","0","0","8654","0","3","66736","0","0","6614","0","2","11576","0","2","908","0","33","16512","0"
"14","20784535",".","C","A","p.Ala50Ser","p.Ala50Ser","c.148G>T","PASS","missense","","1","121404","0","0.000008237","0","10406","0","0","8654","0","1","66734","0","0","6614","0","0","11576","0","0","908","0","0","16512","0"
"14","20784542",".","G","C","p.Ile47Met","p.Ile47Met","c.141C>G","PASS","missense","","1","121400","0","0.000008237","0","10406","0","0","8652","0","1","66732","0","0","6614","0","0","11576","0","0","908","0","0","16512","0"
"14","20784544",".","T","C","p.Ile47Val","p.Ile47Val","c.139A>G","PASS","missense","","2","121400","0","0.00001647","0","10406","0","2","8652","0","0","66732","0","0","6614","0","0","11576","0","0","908","0","0","16512","0"
"14","20784547",".","C","T","p.Ala46Thr","p.Ala46Thr","c.136G>A","PASS","missense","","2","121398","0","0.00001647","0","10406","0","2","8652","0","0","66730","0","0","6614","0","0","11576","0","0","908","0","0","16512","0"
"14","20784548",".","T","C","p.Pro45Pro","p.Pro45Pro","c.135A>G","PASS","synonymous","","2","121398","0","0.00001647","0","10406","0","0","8652","0","1","66730","0","0","6614","0","0","11576","0","0","908","0","1","16512","0"
"14","20784560","rs140787025","A","C","p.Phe41Leu","p.Phe41Leu","c.123T>G","PASS","missense","","62","121390","0","0.0005108","59","10404","0","0","8652","0","0","66724","0","0","6614","0","3","11576","0","0","908","0","0","16512","0"
"14","20784566",".","A","C","p.Gly39Gly","p.Gly39Gly","c.117T>G","PASS","synonymous","","5","121384","0","0.00004119","0","10402","0","0","8652","0","3","66720","0","0","6614","0","2","11576","0","0","908","0","0","16512","0"
"14","20784575",".","A","G","p.His36His","p.His36His","c.108T>C","PASS","synonymous","","1","121372","0","0.000008239","1","10400","0","0","8652","0","0","66712","0","0","6614","0","0","11574","0","0","908","0","0","16512","0"
"14","20784577",".","G","A","p.His36Tyr","p.His36Tyr","c.106C>T","PASS","missense","","1","121372","0","0.000008239","0","10400","0","0","8652","0","0","66712","0","0","6614","0","0","11574","0","0","908","0","1","16512","0"
"14","20784599",".","G","A","p.Cys28Cys","p.Cys28Cys","c.84C>T","PASS","synonymous","","1","121280","0","0.000008245","0","10382","0","0","8632","0","0","66664","0","0","6612","0","1","11570","0","0","908","0","0","16512","0"
"14","20784602",".","G","A","p.Ala27Ala","p.Ala27Ala","c.81C>T","PASS","synonymous","","1","121266","0","0.000008246","0","10382","0","0","8628","0","0","66654","0","0","6612","0","0","11570","0","0","908","0","1","16512","0"
"14","20784604",".","CAGTG","C","p.Thr26ProfsTer33","p.Thr26ProfsTer33","c.75_78delCACT","PASS","frameshift","","1","121254","0","0.000008247","0","10380","0","1","8628","0","0","66646","0","0","6612","0","0","11568","0","0","908","0","0","16512","0"
"14","20784607",".","T","C","p.Thr26Ala","p.Thr26Ala","c.76A>G","PASS","missense","","1","121232","0","0.000008249","0","10376","0","0","8622","0","1","66638","0","0","6612","0","0","11566","0","0","908","0","0","16510","0"
"14","20784614",".","T","C","p.Ala23Ala","p.Ala23Ala","c.69A>G","PASS","synonymous","","1","121168","0","0.000008253","0","10362","0","1","8620","0","0","66602","0","0","6610","0","0","11562","0","0","908","0","0","16504","0"
"14","20784616",".","C","T","p.Ala23Thr","p.Ala23Thr","c.67G>A","PASS","missense","","1","121152","0","0.000008254","0","10360","0","0","8612","0","1","66598","0","0","6610","0","0","11560","0","0","908","0","0","16504","0"
"14","20784616",".","C","A","p.Ala23Ser","p.Ala23Ser","c.67G>T","PASS","missense","","1","121152","0","0.000008254","1","10360","0","0","8612","0","0","66598","0","0","6610","0","0","11560","0","0","908","0","0","16504","0"
"14","20784630",".","T","C","p.Lys18Arg","p.Lys18Arg","c.53A>G","PASS","missense","","1","120996","0","0.000008265","0","10332","0","0","8582","0","1","66520","0","0","6608","0","0","11546","0","0","908","0","0","16500","0"
"14","20784632",".","G","A","p.Ile17Ile","p.Ile17Ile","c.51C>T","PASS","synonymous","","9","120962","0","0.00007440","0","10328","0","0","8578","0","9","66498","0","0","6608","0","0","11542","0","0","908","0","0","16500","0"
"14","20784637",".","G","A","p.Arg16Cys","p.Arg16Cys","c.46C>T","PASS","missense","","5","120812","0","0.00004139","0","10308","0","0","8554","0","5","66412","0","0","6602","0","0","11534","0","0","906","0","0","16496","0"
"14","20784672",".","C","T","p.Cys4Tyr","p.Cys4Tyr","c.11G>A","PASS","missense","","1","120070","0","0.000008328","0","10212","0","0","8486","0","1","66004","0","0","6588","0","0","11492","0","0","900","0","0","16388","0"
"14","20784673",".","A","G","p.Cys4Arg","p.Cys4Arg","c.10T>C","PASS","missense","","1","119988","0","0.000008334","0","10204","0","0","8480","0","0","65958","0","0","6588","0","1","11490","0","0","898","0","0","16370","0"
"14","20784678",".","G","C","p.Ser2Cys","p.Ser2Cys","c.5C>G","PASS","missense","","1","119820","0","0.000008346","0","10166","0","0","8472","0","1","65874","0","0","6586","0","0","11484","0","0","896","0","0","16342","0"
"14","20784682",".","T","C","p.Met1?","p.Met1?","c.1A>G","PASS","start lost","","1","119742","0","0.000008351","1","10160","0","0","8464","0","0","65830","0","0","6584","0","0","11480","0","0","896","0","0","16328","0"
"14","20784692",".","G","C","","","c.-10C>G","PASS","5' UTR","","1","119298","0","0.000008382","1","10114","0","0","8428","0","0","65584","0","0","6582","0","0","11458","0","0","892","0","0","16240","0"
"14","20784693",".","TG","T","","","c.-12delC","PASS","5' UTR","","1","119216","0","0.000008388","0","10100","0","0","8430","0","1","65526","0","0","6580","0","0","11456","0","0","892","0","0","16232","0"
"14","20784699",".","C","A","","","c.-17G>T","PASS","5' UTR","","1","118706","0","0.000008424","0","10048","0","0","8398","0","1","65256","0","0","6576","0","0","11420","0","0","892","0","0","16116","0"
"14","20784707",".","G","A","","","c.-25C>T","PASS","5' UTR","","7","117876","0","0.00005938","0","9962","0","0","8322","0","0","64782","0","0","6566","0","7","11344","0","0","888","0","0","16012","0"
"14","20784711",".","AAG","A","","","c.-31_-30delCT","PASS","5' UTR","","2","117318","0","0.00001705","0","9900","0","0","8296","0","2","64448","0","0","6558","0","0","11294","0","0","884","0","0","15938","0"
"14","20784712",".","A","G","","","c.-30T>C","PASS","5' UTR","","1","116848","0","0.000008558","0","9846","0","0","8276","0","0","64176","0","0","6548","0","1","11232","0","0","878","0","0","15892","0"
"14","20784716",".","A","G","","","c.-34T>C","PASS","5' UTR","","1","115462","0","0.000008661","1","9710","0","0","8156","0","0","63414","0","0","6526","0","0","11082","0","0","864","0","0","15710","0"
"14","20784718","rs1132644","G","T","c.-36C>A","","c.-36C>A","PASS","splice region","","63048","114938","17082","0.5485","7233","9802","2644","4334","8082","1117","31953","63050","7833","3671","6480","1006","5750","10902","1452","488","872","132","9619","15750","2898"
"14","20784721",".","TAAG","T","c.-37-5_-37-3delCTT","","c.-37-5_-37-3delCTT","PASS","splice region","","2","100404","0","0.00001992","0","8326","0","0","7182","0","2","55480","0","0","6158","0","0","9496","0","0","746","0","0","13016","0"
"14","20784728",".","G","C","","","c.-37-9C>G","PASS","intron","","1","97390","0","0.00001027","0","8082","0","0","6956","0","1","53758","0","0","6058","0","0","9176","0","0","732","0","0","12628","0"
"14","20784730",".","GTAAA","G","","","c.-37-15_-37-12delTTTA","PASS","intron","","1","95994","0","0.00001042","0","7984","0","0","6822","0","1","53020","0","0","6018","0","0","9012","0","0","726","0","0","12412","0"
"14","20784730",".","G","A","","","c.-37-11C>T","PASS","intron","","2","95994","0","0.00002083","1","7984","0","0","6822","0","1","53020","0","0","6018","0","0","9012","0","0","726","0","0","12412","0"
"14","20784733",".","A","G","","","c.-37-14T>C","PASS","intron","","5","94304","0","0.00005302","0","7850","0","0","6690","0","0","52058","0","0","5976","0","0","8868","0","0","720","0","5","12142","0"
"14","20784739",".","A","C","","","c.-37-20T>G","PASS","intron","","4","88266","0","0.00004532","0","7426","0","0","6294","0","4","48684","0","0","5854","0","0","8178","0","0","666","0","0","11164","0"
"14","20784757",".","T","C","","","c.-37-38A>G","PASS","intron","","1","70878","0","0.00001411","0","6050","0","1","5206","0","0","39030","0","0","5308","0","0","6122","0","0","562","0","0","8600","0"
"14","20784759",".","G","A","","","c.-37-40C>T","PASS","intron","","4","67086","0","0.00005962","0","5790","0","0","4918","0","3","36884","0","0","5140","0","0","5742","0","0","544","0","1","8068","0"
"14","20784759",".","G","T","","","c.-37-40C>A","PASS","intron","","1","67086","0","0.00001491","0","5790","0","0","4918","0","1","36884","0","0","5140","0","0","5742","0","0","544","0","0","8068","0"
"14","20784764",".","GAAAAT","G","","","c.-37-50_-37-46delATTTT","PASS","intron","","1","55862","0","0.00001790","0","4860","0","0","4054","0","1","30666","0","0","4612","0","0","4586","0","0","464","0","0","6620","0"
"14","20788432","rs28686841","G","A","","","c.-218-2299C>T","PASS","intron","","10","10736","0","0.0009314","8","190","0","0","132","0","1","2702","0","0","0","0","0","92","0","0","118","0","1","7502","0"
"14","20788482",".","G","A","","","c.-218-2349C>T","PASS","intron","","4","10764","0","0.0003716","0","190","0","0","132","0","0","2726","0","0","0","0","0","92","0","0","118","0","4","7506","0"
"14","20794575",".","C","T","","","c.-334+300G>A","PASS","intron","","1","112510","0","0.000008888","0","9122","0","0","8400","0","0","62028","0","1","6380","0","0","10684","0","0","848","0","0","15048","0"
"14","20794584",".","A","G","","","c.-334+291T>C","PASS","intron","","2","113988","0","0.00001755","0","9202","0","0","8484","0","1","62890","0","0","6446","0","1","10854","0","0","856","0","0","15256","0"
"14","20794586",".","T","C","","","c.-334+289A>G","PASS","intron","","1","114214","0","0.000008755","0","9216","0","0","8492","0","0","63042","0","0","6452","0","0","10868","0","0","860","0","1","15284","0"
"14","20794590",".","G","C","","","c.-334+285C>G","PASS","intron","","1","115088","0","0.000008689","1","9268","0","0","8528","0","0","63590","0","0","6480","0","0","10960","0","0","862","0","0","15400","0"
"14","20794596",".","T","C","","","c.-334+279A>G","PASS","intron","","1","116062","0","0.000008616","0","9336","0","0","8560","0","0","64202","0","0","6510","0","1","11050","0","0","866","0","0","15538","0"
"14","20794600",".","C","T","","","c.-334+275G>A","PASS","intron","","1","116808","0","0.000008561","0","9378","0","0","8578","0","0","64652","0","0","6538","0","1","11130","0","0","872","0","0","15660","0"
"14","20794601",".","C","G","","","c.-334+274G>C","PASS","intron","","1","116970","0","0.000008549","0","9384","0","0","8580","0","1","64738","0","0","6554","0","0","11142","0","0","874","0","0","15698","0"
"14","20794619",".","G","A","","","c.-334+256C>T","PASS","intron","","5","118670","0","0.00004213","0","9554","0","0","8604","0","4","65686","0","1","6590","0","0","11350","0","0","888","0","0","15998","0"
"14","20794621",".","G","A","","","c.-334+254C>T","PASS","intron","","1","118812","0","0.000008417","0","9560","0","0","8606","0","1","65760","0","0","6596","0","0","11368","0","0","888","0","0","16034","0"
"14","20794636",".","G","C","","","c.-334+239C>G","PASS","intron","","3","119202","0","0.00002517","3","9618","0","0","8610","0","0","65930","0","0","6602","0","0","11434","0","0","890","0","0","16118","0"
"14","20794636",".","G","T","","","c.-334+239C>A","PASS","intron","","1","119202","0","0.000008389","0","9618","0","0","8610","0","0","65930","0","0","6602","0","0","11434","0","0","890","0","1","16118","0"
"14","20794639",".","T","TGATC","","","c.-334+232_-334+235dupGATC","PASS","intron","","3","119216","0","0.00002516","2","9614","0","0","8610","0","1","65940","0","0","6600","0","0","11432","0","0","890","0","0","16130","0"
"14","20794643",".","C","A","","","c.-334+232G>T","PASS","intron","","1","119224","0","0.000008388","0","9624","0","0","8610","0","0","65926","0","0","6600","0","0","11438","0","0","890","0","1","16136","0"
"14","20794647",".","T","C","","","c.-334+228A>G","PASS","intron","","1","119268","0","0.000008384","0","9622","0","0","8606","0","0","65946","0","0","6602","0","1","11448","0","0","890","0","0","16154","0"
"14","20794654",".","C","T","","","c.-334+221G>A","PASS","intron","","3","119198","0","0.00002517","0","9620","0","3","8604","0","0","65908","0","0","6604","0","0","11442","0","0","888","0","0","16132","0"
"14","20794655",".","G","A","","","c.-334+220C>T","PASS","intron","","2","119168","0","0.00001678","0","9614","0","0","8602","0","1","65894","0","0","6604","0","1","11438","0","0","888","0","0","16128","0"
"14","20794664",".","A","G","","","c.-334+211T>C","PASS","intron","","1","118976","0","0.000008405","0","9596","0","0","8596","0","1","65812","0","0","6594","0","0","11412","0","0","886","0","0","16080","0"
"14","20794665",".","T","A","","","c.-334+210A>T","PASS","intron","","3","118968","0","0.00002522","0","9596","0","0","8596","0","3","65808","0","0","6594","0","0","11410","0","0","886","0","0","16078","0"
"14","20794669",".","T","C","","","c.-334+206A>G","PASS","intron","","13","118830","0","0.0001094","12","9584","0","0","8596","0","0","65726","0","0","6590","0","1","11394","0","0","884","0","0","16056","0"
"14","20794677",".","T","C","","","c.-334+198A>G","PASS","intron","","4","118490","0","0.00003376","0","9554","0","4","8592","0","0","65520","0","0","6588","0","0","11366","0","0","880","0","0","15990","0"
"14","20794687",".","T","C","","","c.-334+188A>G","PASS","intron","","1","117798","0","0.000008489","0","9516","0","0","8568","0","0","65096","0","0","6570","0","0","11306","0","0","878","0","1","15864","0"
"14","20794698",".","G","A","","","c.-334+177C>T","PASS","intron","","1","116786","0","0.000008563","1","9444","0","0","8526","0","0","64492","0","0","6540","0","0","11204","0","0","872","0","0","15708","0"
"14","20794702",".","G","A","","","c.-334+173C>T","PASS","intron","","1","116358","0","0.000008594","0","9416","0","0","8484","0","0","64230","0","0","6528","0","1","11160","0","0","870","0","0","15670","0"
"14","20794716",".","T","C","","","c.-334+159A>G","PASS","intron","","2","115046","0","0.00001738","0","9340","0","0","8404","0","2","63428","0","0","6496","0","0","11032","0","0","858","0","0","15488","0"
"14","20794720",".","T","C","","","c.-334+155A>G","PASS","intron","","2","114600","0","0.00001745","0","9308","0","0","8382","0","0","63182","0","0","6478","0","0","10982","0","0","858","0","2","15410","0"
"14","20794731",".","A","G","","","c.-334+144T>C","PASS","intron","","1","112734","0","0.000008870","0","9194","0","0","8284","0","0","62048","0","0","6440","0","0","10746","0","0","850","0","1","15172","0"
"14","20794740",".","A","G","","","c.-334+135T>C","PASS","intron","","1","110200","0","0.000009074","0","8996","0","0","8080","0","1","60562","0","0","6374","0","0","10476","0","0","832","0","0","14880","0"