"Chrom","Position","RSID","Reference","Alternate","Consequence","Protein Consequence","Transcript Consequence","Filter","Annotation","Flags","Allele Count","Allele Number","Number of Homozygotes","Number of Hemizygotes","Allele Frequency","Allele Count African","Allele Number African","Homozygote Count African","Allele Count East Asian","Allele Number East Asian","Homozygote Count East Asian","Allele Count European (Non-Finnish)","Allele Number European (Non-Finnish)","Homozygote Count European (Non-Finnish)","Allele Count Finnish","Allele Number Finnish","Homozygote Count Finnish","Allele Count Latino","Allele Number Latino","Homozygote Count Latino","Allele Count Other","Allele Number Other","Homozygote Count Other","Allele Count South Asian","Allele Number South Asian","Homozygote Count South Asian"
"X","154299764",".","A","T","","","","PASS","upstream gene","","1","23214","0","0","0.00004308","0","2565","0","0","1138","0","1","12956","0","0","1474","0","0","1011","0","0","199","0","0","3871","0"
"X","154299773",".","C","T","","","","PASS","upstream gene","","1","23997","0","0","0.00004167","0","2652","0","0","1205","0","1","13358","0","0","1512","0","0","1097","0","0","208","0","0","3965","0"
"X","154299778",".","C","A","","","c.-25C>A","PASS","5' UTR","","1","25085","0","0","0.00003986","0","2776","0","0","1323","0","1","13903","0","0","1551","0","0","1237","0","0","215","0","0","4080","0"
"X","154299779",".","G","T","","","c.-24G>T","PASS","5' UTR","","1","25831","0","1","0.00003871","0","2810","0","0","1368","0","0","14317","0","0","1583","0","0","1306","0","0","222","0","1","4225","0"
"X","154299781",".","A","C","","","c.-22A>C","PASS","5' UTR","","1","26350","0","1","0.00003795","0","2876","0","0","1437","0","1","14630","0","0","1586","0","0","1343","0","0","222","0","0","4256","0"
"X","154299785",".","G","A","","","c.-18G>A","PASS","5' UTR","","2","27803","0","0","0.00007193","0","3023","0","2","1514","0","0","15434","0","0","1641","0","0","1540","0","0","231","0","0","4420","0"
"X","154299790",".","G","A","","","c.-13G>A","PASS","5' UTR","","2","29690","0","0","0.00006736","1","3204","0","0","1695","0","0","16486","0","0","1715","0","0","1762","0","0","234","0","1","4594","0"
"X","154299799",".","C","T","","","c.-4C>T","PASS","5' UTR","","1","34578","0","1","0.00002892","0","3608","0","0","2184","0","1","19166","0","0","1893","0","0","2411","0","0","263","0","0","5053","0"
"X","154299807",".","CGGTGCAGGT","C","p.Val5_Gln7del","p.Val5_Gln7del","c.14_22delTGGTGCAGG","PASS","inframe deletion","","5","38492","0","2","0.0001299","2","3944","0","0","2605","0","0","21150","0","0","1999","0","1","3086","0","0","280","0","2","5428","0"
"X","154299807",".","C","CGGTGCAGGT","p.Val5_Gln7dup","p.Val5_Gln7dup","c.14_22dupTGGTGCAGG","PASS","inframe insertion","","2","38492","0","0","0.00005196","0","3944","0","0","2605","0","1","21150","0","0","1999","0","1","3086","0","0","280","0","0","5428","0"
"X","154299808",".","G","A","p.Ala2Ala","p.Ala2Ala","c.6G>A","PASS","synonymous","","4","39168","0","0","0.0001021","0","3991","0","3","2675","0","1","21491","0","0","2002","0","0","3216","0","0","287","0","0","5506","0"
"X","154299811",".","G","A","p.Val3Val","p.Val3Val","c.9G>A","PASS","synonymous","","7","41225","0","4","0.0001698","0","4194","0","0","2868","0","0","22583","0","0","2117","0","0","3514","0","0","298","0","7","5651","0"
"X","154299829",".","G","GCAGGCGGTT","p.Gln10_Val12dup","p.Gln10_Val12dup","c.30_38dupGGCGGTTCA","PASS","inframe insertion","","1","49439","0","1","0.00002023","0","4943","0","0","3943","0","1","26200","0","0","2279","0","0","5268","0","0","355","0","0","6451","0"
"X","154299832",".","G","A","p.Gln10Gln","p.Gln10Gln","c.30G>A","PASS","synonymous","","9","51754","0","1","0.0001739","0","5102","0","0","4141","0","8","27655","0","1","2359","0","0","5556","0","0","363","0","0","6578","0"
"X","154299940",".","T","G","","","c.123+15T>G","PASS","intron","","1","50477","0","0","0.00001981","0","4990","0","0","3904","0","1","27772","0","0","2539","0","0","4859","0","0","381","0","0","6032","0"
"X","154299942",".","G","A","","","c.123+17G>A","PASS","intron","","2","49637","0","0","0.00004029","0","4904","0","0","3826","0","2","27352","0","0","2503","0","0","4726","0","0","373","0","0","5953","0"
"X","154299955",".","C","T","","","c.123+30C>T","PASS","intron","","1","44142","0","0","0.00002265","1","4415","0","0","3273","0","0","24383","0","0","2268","0","0","3981","0","0","331","0","0","5491","0"
"X","154299968",".","C","A","","","c.123+43C>A","PASS","intron","","1","37536","0","0","0.00002664","0","3833","0","1","2599","0","0","20775","0","0","2034","0","0","3052","0","0","278","0","0","4965","0"
"X","154299972",".","G","T","","","c.123+47G>T","PASS","intron","","5","36504","0","1","0.0001370","0","3763","0","0","2479","0","1","20143","0","0","2001","0","2","2910","0","0","275","0","2","4933","0"
"X","154299973",".","T","G","","","c.123+48T>G","PASS","intron","","2","36595","0","0","0.00005465","0","3742","0","0","2497","0","0","20225","0","0","2009","0","2","2904","0","0","279","0","0","4939","0"
"X","154299975",".","T","G","","","c.123+50T>G","PASS","intron","","1","35828","0","1","0.00002791","0","3686","0","0","2390","0","0","19824","0","0","1990","0","0","2790","0","0","270","0","1","4878","0"
"X","154299979",".","C","G","","","c.123+54C>G","PASS","intron","","5","34275","0","1","0.0001459","5","3563","0","0","2245","0","0","18965","0","0","1947","0","0","2570","0","0","266","0","0","4719","0"
"X","154299979",".","C","T","","","c.123+54C>T","PASS","intron","","1","34275","0","0","0.00002918","0","3563","0","0","2245","0","1","18965","0","0","1947","0","0","2570","0","0","266","0","0","4719","0"
"X","154299981",".","C","T","","","c.123+56C>T","PASS","intron","","3","33440","0","1","0.00008971","0","3466","0","0","2157","0","1","18553","0","0","1925","0","0","2445","0","0","264","0","2","4630","0"
"X","154300579",".","T","G","","","c.124-23T>G","PASS","intron","","1","78671","0","0","0.00001271","0","7497","0","0","6198","0","0","43396","0","0","4161","0","0","8628","0","0","558","0","1","8233","0"
"X","154300584",".","TG","T","","","c.124-17delG","PASS","intron","","85","79010","0","16","0.001076","82","7521","0","0","6211","0","0","43551","0","0","4173","0","3","8649","0","0","559","0","0","8346","0"
"X","154300587",".","T","G","","","c.124-15T>G","PASS","intron","","2","79176","0","2","0.00002526","0","7529","0","0","6217","0","2","43635","0","0","4181","0","0","8657","0","0","565","0","0","8392","0"
"X","154300607",".","C","T","p.Asn43Asn","p.Asn43Asn","c.129C>T","PASS","synonymous","","1","80122","0","1","0.00001248","0","7559","0","0","6269","0","0","44106","0","0","4234","0","0","8752","0","0","571","0","1","8631","0"
"X","154300611",".","G","A","p.Asp45Asn","p.Asp45Asn","c.133G>A","PASS","missense","","1","80131","0","1","0.00001248","0","7564","0","0","6261","0","1","44111","0","0","4228","0","0","8757","0","0","571","0","0","8639","0"
"X","154300615","rs61755261","C","A","p.Thr46Lys","p.Thr46Lys","c.137C>A","PASS","missense","","1","80051","0","0","0.00001249","0","7553","0","0","6257","0","1","44066","0","0","4222","0","0","8751","0","0","572","0","0","8630","0"
"X","154300641",".","A","G","","","c.140+23A>G","PASS","intron","","1","79219","0","0","0.00001262","0","7519","0","0","6201","0","0","43621","0","0","4193","0","1","8632","0","0","570","0","0","8483","0"
"X","154300644",".","T","C","","","c.140+26T>C","PASS","intron","","3","79077","0","0","0.00003794","0","7520","0","1","6195","0","0","43541","0","0","4184","0","0","8626","0","0","568","0","2","8443","0"
"X","154301597",".","CT","C","","","c.141-50delT","PASS","intron","","1","15426","0","0","0.00006483","1","1787","0","0","488","0","0","6996","0","0","1088","0","0","295","0","0","166","0","0","4606","0"
"X","154301603",".","A","G","","","c.141-49A>G","PASS","intron","","1","15478","0","0","0.00006461","0","1793","0","0","488","0","1","7016","0","0","1087","0","0","295","0","0","167","0","0","4632","0"
"X","154301620",".","T","C","","","c.141-32T>C","PASS","intron","","1","15679","0","0","0.00006378","0","1812","0","0","493","0","0","7126","0","0","1108","0","0","300","0","0","170","0","1","4670","0"
"X","154301622",".","CT","C","","","c.141-19delT","PASS","intron","","579","9826","0","0","0.05893","54","1133","0","21","363","0","388","4503","0","2","784","0","9","222","0","8","101","0","97","2720","0"
"X","154301622",".","C","CT","","","c.141-19dupT","PASS","intron","","601","9826","0","0","0.06116","46","1133","0","15","363","0","249","4503","0","1","784","0","13","222","0","4","101","0","273","2720","0"
"X","154301622",".","C","CTT","","","c.141-20_141-19dupTT","PASS","intron","","1","9826","0","0","0.0001018","0","1133","0","0","363","0","0","4503","0","0","784","0","0","222","0","0","101","0","1","2720","0"
"X","154301622",".","C","T","","","c.141-30C>T","PASS","intron","","1","9826","0","0","0.0001018","0","1133","0","0","363","0","0","4503","0","0","784","0","0","222","0","0","101","0","1","2720","0"
"X","154301633",".","T","C","","","c.141-19T>C","PASS","intron","","1","16166","0","0","0.00006186","1","1867","0","0","523","0","0","7374","0","0","1147","0","0","318","0","0","177","0","0","4760","0"
"X","154301690",".","G","A","p.Arg60His","p.Arg60His","c.179G>A","PASS","missense","","1","16607","0","0","0.00006022","1","1922","0","0","565","0","0","7625","0","0","1197","0","0","338","0","0","183","0","0","4777","0"
"X","154301728",".","A","G","","","c.195+22A>G","PASS","intron","","1","16374","0","0","0.00006107","0","1901","0","0","519","0","1","7514","0","0","1177","0","0","318","0","0","182","0","0","4763","0"
"X","154305397",".","G","A","","","c.196-48G>A","PASS","intron","","7","85098","0","3","0.00008226","0","7902","0","0","6607","0","7","47507","0","0","4525","0","0","9287","0","0","599","0","0","8671","0"
"X","154305402",".","T","C","","","c.196-43T>C","PASS","intron","","9","85124","0","6","0.0001057","0","7901","0","0","6607","0","0","47507","0","0","4528","0","0","9292","0","0","599","0","9","8690","0"
"X","154305408",".","G","C","","","c.196-37G>C","PASS","intron","","1","85174","0","1","0.00001174","1","7901","0","0","6607","0","0","47526","0","0","4528","0","0","9295","0","0","603","0","0","8714","0"
"X","154305439",".","CT","C","c.196-3delT","","c.196-3delT","PASS","splice region","","1","85840","0","1","0.00001165","0","7909","0","0","6610","0","1","47666","0","0","4528","0","0","9299","0","0","608","0","0","9220","0"
"X","154305454",".","G","A","p.Val69Ile","p.Val69Ile","c.205G>A","PASS","missense","","3","86468","0","0","0.00003469","3","7914","0","0","6609","0","0","47810","0","0","4527","0","0","9301","0","0","616","0","0","9691","0"
"X","154305462",".","T","C","p.Ile71Ile","p.Ile71Ile","c.213T>C","PASS","synonymous","","1","86768","0","0","0.00001152","0","7915","0","1","6610","0","0","47879","0","0","4530","0","0","9306","0","0","618","0","0","9910","0"
"X","154305469","rs28997578","A","G","p.Ile74Val","p.Ile74Val","c.220A>G","PASS","missense","","91","86893","0","35","0.001047","0","7916","0","0","6610","0","85","47904","0","0","4529","0","1","9308","0","0","622","0","5","10004","0"
"X","154305483",".","C","T","p.Ile78Ile","p.Ile78Ile","c.234C>T","PASS","synonymous","","1","86990","0","1","0.00001150","1","7916","0","0","6606","0","0","47937","0","0","4529","0","0","9307","0","0","622","0","0","10073","0"
"X","154305490",".","C","T","p.Arg81Ter","p.Arg81Ter","c.241C>T","PASS","stop gained","LC LoF","2","87006","0","0","0.00002299","0","7916","0","0","6604","0","1","47935","0","1","4529","0","0","9307","0","0","622","0","0","10093","0"
"X","154305537",".","G","A","p.Gln96Gln","p.Gln96Gln","c.288G>A","PASS","synonymous","","1","86930","0","1","0.00001150","0","7906","0","0","6598","0","1","47915","0","0","4526","0","0","9309","0","0","623","0","0","10053","0"
"X","154305572",".","T","C","c.315+8T>C","","c.315+8T>C","PASS","splice region","","2","86267","0","1","0.00002318","0","7887","0","0","6586","0","2","47738","0","0","4522","0","0","9298","0","0","615","0","0","9621","0"
"X","154305579",".","C","T","","","c.315+15C>T","PASS","intron","","1","86129","0","0","0.00001161","1","7884","0","0","6586","0","0","47697","0","0","4522","0","0","9297","0","0","614","0","0","9529","0"
"X","154305588",".","C","G","","","c.315+24C>G","PASS","intron","","1","85932","0","0","0.00001164","1","7874","0","0","6582","0","0","47652","0","0","4522","0","0","9296","0","0","610","0","0","9396","0"
"X","154305608",".","C","A","","","c.315+44C>A","PASS","intron","","2","85393","0","0","0.00002342","2","7861","0","0","6578","0","0","47511","0","0","4522","0","0","9285","0","0","610","0","0","9026","0"
"X","154305610",".","T","A","","","c.315+46T>A","PASS","intron","","1","85272","0","1","0.00001173","0","7855","0","0","6578","0","1","47485","0","0","4522","0","0","9283","0","0","607","0","0","8942","0"
"X","154305615",".","C","T","","","c.315+51C>T","PASS","intron","","2","85153","0","0","0.00002349","0","7852","0","1","6578","0","1","47451","0","0","4522","0","0","9285","0","0","608","0","0","8857","0"
"X","154306846",".","C","G","","","c.316-45C>G","PASS","intron","","1","22778","0","0","0.00004390","0","2770","0","0","1123","0","1","11357","0","0","1558","0","0","856","0","0","209","0","0","4905","0"
"X","154306858",".","T","C","","","c.316-33T>C","PASS","intron","","1","23500","0","0","0.00004255","0","2861","0","0","1208","0","1","11745","0","0","1585","0","0","939","0","0","215","0","0","4947","0"
"X","154306902",".","A","G","p.Glu109Glu","p.Glu109Glu","c.327A>G","PASS","synonymous","","1","35174","0","0","0.00002843","0","4091","0","0","2692","0","1","18092","0","0","1995","0","0","2565","0","0","297","0","0","5442","0"
"X","154306911",".","C","T","p.Gly112Gly","p.Gly112Gly","c.336C>T","PASS","synonymous","","1","36706","0","0","0.00002724","0","4238","0","0","2868","0","1","18903","0","0","2048","0","0","2831","0","0","303","0","0","5515","0"
"X","154306949",".","C","T","p.Pro125Leu","p.Pro125Leu","c.374C>T","PASS","missense","","1","39553","0","0","0.00002528","0","4530","0","0","3218","0","0","20416","0","0","2162","0","1","3297","0","0","316","0","0","5614","0"
"X","154306959",".","T","C","p.Thr128Thr","p.Thr128Thr","c.384T>C","PASS","synonymous","","5","38697","0","1","0.0001292","0","4417","0","0","3090","0","5","20011","0","0","2157","0","0","3172","0","0","316","0","0","5534","0"
"X","154306985",".","A","T","c.403+7A>T","","c.403+7A>T","PASS","splice region","","1","34094","0","0","0.00002933","0","3916","0","0","2594","0","1","17668","0","0","1974","0","0","2604","0","0","287","0","0","5051","0"
"X","154306991",".","G","A","","","c.403+13G>A","PASS","intron","","1","31304","0","0","0.00003194","0","3639","0","0","2282","0","0","16251","0","1","1874","0","0","2319","0","0","265","0","0","4674","0"
"X","154306992",".","G","A","","","c.403+14G>A","PASS","intron","","1","31284","0","0","0.00003197","0","3645","0","1","2267","0","0","16241","0","0","1883","0","0","2313","0","0","262","0","0","4673","0"
"X","154307040",".","C","G","","","c.403+62C>G","PASS","intron","","5","14052","0","1","0.0003558","0","2046","0","0","607","0","1","7477","0","3","1306","0","0","373","0","1","153","0","0","2090","0"
"X","154307048",".","A","G","","","c.403+70A>G","PASS","intron","","1","13113","0","0","0.00007626","0","1975","0","0","558","0","1","7063","0","0","1288","0","0","342","0","0","142","0","0","1745","0"
"X","154317500",".","T","C","","","c.404-38T>C","PASS","intron","","2","15181","0","0","0.0001317","1","1941","0","0","579","0","1","7576","0","0","1231","0","0","328","0","0","164","0","0","3362","0"
"X","154317506",".","C","T","","","c.404-32C>T","PASS","intron","","1","15266","0","0","0.00006551","0","1949","0","0","591","0","0","7607","0","0","1234","0","0","333","0","0","166","0","1","3386","0"
"X","154317512",".","A","C","","","c.404-26A>C","PASS","intron","","15","15640","0","4","0.0009591","0","1979","0","0","625","0","7","7753","0","6","1240","0","0","336","0","0","165","0","2","3542","0"
"X","154317512",".","AT","A","","","c.404-21delT","PASS","intron","","1","15640","0","0","0.00006394","0","1979","0","0","625","0","0","7753","0","0","1240","0","1","336","0","0","165","0","0","3542","0"
"X","154317548",".","A","G","p.Thr138Thr","p.Thr138Thr","c.414A>G","PASS","synonymous","","2","20935","0","0","0.00009553","0","2601","0","0","1160","0","2","10196","0","0","1345","0","0","629","0","0","212","0","0","4792","0"
"X","154317628",".","T","C","c.492+2T>C","","c.492+2T>C","PASS","splice donor","","1","22642","0","0","0.00004417","0","2881","0","0","1376","0","1","11076","0","0","1400","0","0","823","0","0","212","0","0","4874","0"
"X","154317640",".","ATG","A","","","c.492+38_492+39delGT","PASS","intron","","1738","13381","1","24","0.1299","226","1968","0","80","693","0","962","7026","0","58","856","0","27","360","0","23","121","0","362","2357","1"
"X","154317640",".","A","ATG","","","c.492+38_492+39dupGT","PASS","intron","","878","13381","9","159","0.06562","58","1968","0","11","693","0","524","7026","3","98","856","2","74","360","3","10","121","0","103","2357","1"
"X","154317640",".","ATGTG","A","","","c.492+36_492+39delGTGT","PASS","intron","","16","13381","0","2","0.001196","4","1968","0","0","693","0","9","7026","0","0","856","0","1","360","0","0","121","0","2","2357","0"
"X","154317640",".","A","G","","","c.492+14A>G","PASS","intron","","1","13381","0","0","0.00007473","0","1968","0","0","693","0","1","7026","0","0","856","0","0","360","0","0","121","0","0","2357","0"
"X","154317640",".","A","ATGTG","","","c.492+36_492+39dupGTGT","PASS","intron","","25","13381","0","5","0.001868","2","1968","0","0","693","0","9","7026","0","0","856","0","3","360","0","0","121","0","11","2357","0"
"X","154317640",".","ATGTGTG","A","","","c.492+34_492+39delGTGTGT","PASS","intron","","1","13381","0","1","0.00007473","0","1968","0","0","693","0","0","7026","0","0","856","0","0","360","0","0","121","0","1","2357","0"
"X","154317671",".","CTG","C","","","c.492+55_492+56delGT","PASS","intron","","4","15999","0","1","0.0002500","0","2204","0","0","806","0","0","8303","0","0","1242","0","0","378","0","0","162","0","4","2904","0"
"X","154317673",".","G","C","","","c.492+47G>C","PASS","intron","","1","16647","0","0","0.00006007","0","2236","0","0","816","0","1","8498","0","0","1254","0","0","389","0","0","168","0","0","3286","0"
"X","154319065","rs189136889","C","T","p.Arg167Trp","p.Arg167Trp","c.499C>T","PASS","missense","","1","41085","0","0","0.00002434","0","4866","0","0","3259","0","1","20997","0","0","2472","0","0","3329","0","0","324","0","0","5838","0"
"X","154319113",".","G","C","p.Glu183Gln","p.Glu183Gln","c.547G>C","PASS","missense","","1","45806","0","0","0.00002183","1","5245","0","0","3693","0","0","23847","0","0","2600","0","0","4002","0","0","346","0","0","6073","0"
"X","154319127",".","G","C","","","c.548+13G>C","PASS","intron","","1","44825","0","0","0.00002231","0","5179","0","0","3592","0","1","23260","0","0","2576","0","0","3852","0","0","339","0","0","6027","0"
"X","154319133",".","T","TA","","","c.548+20dupA","PASS","intron","","1","44216","0","1","0.00002262","0","5136","0","0","3549","0","0","22915","0","0","2556","0","1","3753","0","0","327","0","0","5980","0"
"X","154319142",".","A","G","","","c.548+28A>G","PASS","intron","","1","43240","0","0","0.00002313","0","5066","0","0","3445","0","1","22381","0","0","2518","0","0","3580","0","0","327","0","0","5923","0"
"X","154319149",".","G","A","","","c.548+35G>A","PASS","intron","","11","42073","0","2","0.0002615","0","4959","0","0","3337","0","9","21704","0","1","2490","0","0","3399","0","1","324","0","0","5860","0"
"X","154319150",".","G","T","","","c.548+36G>T","PASS","intron","","1","41849","0","0","0.00002390","0","4934","0","0","3309","0","0","21592","0","0","2482","0","1","3357","0","0","324","0","0","5851","0"
"X","154327542",".","A","ACTC","","","c.549-44_549-42dupCTC","PASS","intron","","1","66754","0","0","0.00001498","0","6723","0","0","5150","0","0","36284","0","0","3487","0","0","7326","0","0","462","0","1","7322","0"
"X","154327606",".","C","T","p.Arg189Ter","p.Arg189Ter","c.565C>T","PASS","stop gained","LoF flag","4","74603","0","1","0.00005362","1","7237","0","0","5934","0","1","40981","0","0","3782","0","2","8258","0","0","512","0","0","7899","0"
"X","154327607",".","G","A","p.Arg189Gln","p.Arg189Gln","c.566G>A","PASS","missense","","4","74600","0","0","0.00005362","4","7233","0","0","5935","0","0","40986","0","0","3777","0","0","8266","0","0","512","0","0","7891","0"
"X","154327610",".","A","G","p.Asp190Gly","p.Asp190Gly","c.569A>G","PASS","missense","","1","74907","0","1","0.00001335","0","7248","0","0","5959","0","1","41167","0","0","3802","0","0","8296","0","0","517","0","0","7918","0"
"X","154327635",".","C","T","p.Ile198Ile","p.Ile198Ile","c.594C>T","PASS","synonymous","","1","73875","0","1","0.00001354","0","7188","0","0","5863","0","1","40534","0","0","3723","0","0","8157","0","0","514","0","0","7896","0"
"X","154327641",".","T","C","p.Ile200Ile","p.Ile200Ile","c.600T>C","PASS","synonymous","","1","73226","0","1","0.00001366","1","7158","0","0","5821","0","0","40128","0","0","3684","0","0","8077","0","0","512","0","0","7846","0"
"X","154327641",".","T","G","p.Ile200Met","p.Ile200Met","c.600T>G","PASS","missense","","2","73226","0","0","0.00002731","2","7158","0","0","5821","0","0","40128","0","0","3684","0","0","8077","0","0","512","0","0","7846","0"
"X","154327651",".","A","C","p.Lys204Gln","p.Lys204Gln","c.610A>C","PASS","missense","","5","71240","0","2","0.00007019","0","6998","0","5","5649","0","0","38949","0","0","3566","0","0","7860","0","0","502","0","0","7716","0"
"X","154327665",".","G","A","c.623+1G>A","","c.623+1G>A","PASS","splice donor","","2","67962","0","0","0.00002943","0","6723","0","0","5361","0","2","37122","0","0","3417","0","0","7350","0","0","472","0","0","7517","0"
"X","154327675",".","A","G","","","c.623+11A>G","PASS","intron","","1","63834","0","0","0.00001567","0","6397","0","0","4982","0","1","34795","0","0","3204","0","0","6766","0","0","436","0","0","7254","0"
"X","154327679",".","A","T","","","c.623+15A>T","PASS","intron","","3","62407","0","2","0.00004807","0","6299","0","3","4882","0","0","33898","0","0","3147","0","0","6585","0","0","433","0","0","7163","0"
"X","154327687",".","G","A","","","c.623+23G>A","PASS","intron","","2","59427","0","1","0.00003365","0","6121","0","0","4628","0","2","32135","0","0","3009","0","0","6176","0","0","420","0","0","6938","0"
"X","154327690",".","C","T","","","c.623+26C>T","PASS","intron","","1","57839","0","1","0.00001729","0","6003","0","0","4501","0","0","31214","0","0","2927","0","0","5962","0","0","409","0","1","6823","0"
"X","154327702",".","T","G","","","c.623+38T>G","PASS","intron","","1","52279","0","0","0.00001913","0","5623","0","1","3971","0","0","28021","0","0","2679","0","0","5161","0","0","372","0","0","6452","0"
"X","154327709",".","C","T","","","c.623+45C>T","PASS","intron","","1","48944","0","1","0.00002043","0","5345","0","0","3613","0","1","26210","0","0","2527","0","0","4616","0","0","356","0","0","6277","0"
"X","154327711",".","A","G","","","c.623+47A>G","PASS","intron","","1","48926","0","0","0.00002044","0","5326","0","0","3631","0","0","26191","0","0","2528","0","1","4598","0","0","358","0","0","6294","0"
"X","154344282",".","A","G","","","c.624-50A>G","PASS","intron","","5","75367","0","2","0.00006634","0","7355","0","0","6021","0","5","42040","0","0","3937","0","0","8287","0","0","526","0","0","7201","0"
"X","154344285",".","A","C","","","c.624-47A>C","PASS","intron","","1","75380","0","0","0.00001327","0","7353","0","0","6025","0","0","42029","0","0","3933","0","0","8289","0","1","526","0","0","7225","0"
"X","154344298",".","G","T","","","c.624-34G>T","PASS","intron","","6","75589","0","4","0.00007938","0","7370","0","0","6036","0","0","42140","0","0","3942","0","0","8305","0","0","526","0","6","7270","0"
"X","154344299",".","T","A","","","c.624-33T>A","PASS","intron","","1","75639","0","0","0.00001322","0","7374","0","0","6041","0","0","42167","0","0","3943","0","1","8308","0","0","528","0","0","7278","0"
"X","154344306",".","A","G","","","c.624-26A>G","PASS","intron","","1","75872","0","0","0.00001318","0","7394","0","1","6057","0","0","42294","0","0","3945","0","0","8323","0","0","528","0","0","7331","0"
"X","154344320",".","A","T","","","c.624-12A>T","PASS","intron","","1","76779","0","1","0.00001302","0","7430","0","0","6117","0","0","42684","0","0","3965","0","0","8406","0","0","536","0","1","7641","0"
"X","154344344",".","C","T","p.Ile212Ile","p.Ile212Ile","c.636C>T","PASS","synonymous","","34","77361","0","18","0.0004395","1","7397","0","0","6136","0","0","42792","0","0","3948","0","3","8390","0","0","542","0","30","8156","0"
"X","154344344",".","C","G","p.Ile212Met","p.Ile212Met","c.636C>G","PASS","missense","","1","77361","0","0","0.00001293","0","7397","0","0","6136","0","1","42792","0","0","3948","0","0","8390","0","0","542","0","0","8156","0"
"X","154344380",".","C","T","p.Ile224Ile","p.Ile224Ile","c.672C>T","PASS","synonymous","","2","72180","0","0","0.00002771","0","7027","0","0","5734","0","2","39600","0","0","3649","0","0","7756","0","0","506","0","0","7908","0"
"X","154344381",".","G","A","p.Gly225Arg","p.Gly225Arg","c.673G>A","PASS","missense","","1","71655","0","0","0.00001396","1","6992","0","0","5674","0","0","39309","0","0","3626","0","0","7690","0","0","499","0","0","7865","0"
"X","154344386",".","A","G","p.Lys226Lys","p.Lys226Lys","c.678A>G","PASS","synonymous","","1","70521","0","0","0.00001418","1","6903","0","0","5593","0","0","38656","0","0","3566","0","0","7523","0","0","489","0","0","7791","0"
"X","154344446",".","G","A","p.Ala246Ala","p.Ala246Ala","c.738G>A","PASS","synonymous","","4","39630","0","0","0.0001009","0","4374","0","0","2685","0","3","21230","0","0","2319","0","1","3147","0","0","310","0","0","5565","0"
"X","154344468",".","A","G","c.755+5A>G","","c.755+5A>G","PASS","splice region","","2","28158","0","1","0.00007103","2","3332","0","0","1614","0","0","14971","0","0","1819","0","0","1522","0","0","260","0","0","4640","0"
"X","154344958",".","C","T","","","c.756-28C>T","PASS","intron","","2","22734","0","0","0.00008797","0","2916","0","2","1380","0","0","11630","0","0","1630","0","0","914","0","0","210","0","0","4054","0"
"X","154344972",".","A","G","","","c.756-14A>G","PASS","intron","","1","23754","0","0","0.00004210","0","3006","0","0","1492","0","1","12040","0","0","1650","0","0","987","0","0","220","0","0","4359","0"
"X","154344977","rs140398462","A","G","","","c.756-9A>G","PASS","intron","","229","24306","3","24","0.009422","212","3191","3","0","1529","0","1","12200","0","0","1661","0","15","1041","0","0","218","0","1","4466","0"
"X","154345033",".","A","C","c.799+4A>C","","c.799+4A>C","PASS","splice region","","1","25991","0","0","0.00003847","0","3178","0","0","1663","0","0","13154","0","0","1706","0","1","1234","0","0","232","0","0","4824","0"
"X","154345044",".","T","G","","","c.799+15T>G","PASS","intron","","2","25323","0","0","0.00007898","0","3080","0","0","1615","0","2","12816","0","0","1690","0","0","1157","0","0","235","0","0","4730","0"
"X","154345058",".","T","C","","","c.799+29T>C","PASS","intron","","1","23553","0","0","0.00004246","0","2888","0","0","1372","0","0","11920","0","0","1622","0","1","959","0","0","226","0","0","4566","0"
"X","154348240",".","A","C","","","c.800-34A>C","PASS","intron","","3","57153","0","0","0.00005249","0","6155","0","0","4486","0","2","31772","0","1","3024","0","0","6263","0","0","403","0","0","5050","0"
"X","154348266",".","T","C","c.800-8T>C","","c.800-8T>C","PASS","splice region","","1","72469","0","1","0.00001380","0","7234","0","1","5762","0","0","40029","0","0","3915","0","0","7981","0","0","531","0","0","7017","0"
"X","154348267","rs2290069","A","G","c.800-7A>G","","c.800-7A>G","PASS","splice region","","119","73313","2","36","0.001623","0","7285","0","118","5836","2","1","40472","0","0","3963","0","0","8058","0","0","534","0","0","7165","0"
"X","154348288",".","C","T","p.Leu272Leu","p.Leu272Leu","c.814C>T","PASS","synonymous","","1","83284","0","0","0.00001201","0","7762","0","0","6387","0","1","45937","0","0","4443","0","0","8946","0","0","598","0","0","9211","0"
"X","154348288",".","CTG","C","p.Cys273GlnfsTer78","p.Cys273GlnfsTer78","c.817_818delTG","PASS","frameshift","","1","83284","0","1","0.00001201","0","7762","0","0","6387","0","0","45937","0","0","4443","0","0","8946","0","0","598","0","1","9211","0"
"X","154348305",".","G","A","p.Ser277Ser","p.Ser277Ser","c.831G>A","PASS","synonymous","","2","85657","0","1","0.00002335","0","7859","0","2","6514","0","0","47196","0","0","4507","0","0","9134","0","0","612","0","0","9835","0"
"X","154348314",".","C","T","p.Ser280Ser","p.Ser280Ser","c.840C>T","PASS","synonymous","","2","86173","0","1","0.00002321","0","7877","0","0","6544","0","2","47483","0","0","4518","0","0","9182","0","0","616","0","0","9953","0"
"X","154348323",".","C","G","p.Leu283Leu","p.Leu283Leu","c.849C>G","PASS","synonymous","","1","86589","0","1","0.00001155","0","7902","0","1","6578","0","0","47713","0","0","4521","0","0","9221","0","0","619","0","0","10035","0"
"X","154348398",".","T","G","p.Leu308Leu","p.Leu308Leu","c.924T>G","PASS","synonymous","","8","86577","0","5","0.00009240","0","7893","0","0","6604","0","0","47800","0","0","4526","0","0","9292","0","0","620","0","8","9842","0"
"X","154348400",".","T","C","p.Met309Thr","p.Met309Thr","c.926T>C","PASS","missense","","2","86473","0","0","0.00002313","0","7887","0","0","6604","0","0","47760","0","0","4524","0","2","9287","0","0","620","0","0","9791","0"
"X","154348422",".","A","C","p.Glu316Asp","p.Glu316Asp","c.948A>C","PASS","missense","","2","85509","0","0","0.00002339","0","7840","0","0","6581","0","1","47478","0","0","4521","0","0","9274","0","1","612","0","0","9203","0"
"X","154348449",".","A","G","c.*18+6A>G","","c.*18+6A>G","PASS","splice region","","2","84035","0","1","0.00002380","0","7776","0","0","6546","0","2","46996","0","0","4514","0","0","9253","0","0","601","0","0","8349","0"
"X","154348469",".","G","C","","","c.*18+26G>C","PASS","intron","","2","82502","0","1","0.00002424","0","7701","0","0","6510","0","2","46500","0","0","4513","0","0","9234","0","0","588","0","0","7456","0"