Chrom,Position,RSID,Reference,Alternate,Consequence,Protein Consequence,Transcript Consequence,Filter,Annotation,Flags,Allele Count,Allele Number,Number of Homozygotes,Allele_Frequency,Allele Count African,Allele Number African,Homozygote Count African,Allele Count East Asian,Allele Number East Asian,Homozygote Count East Asian,Allele Count European (Non-Finnish),Allele Number European (Non-Finnish),Homozygote Count European (Non-Finnish),Allele Count Finnish,Allele Number Finnish,Homozygote Count Finnish,Allele Count Latino,Allele Number Latino,Homozygote Count Latino,Allele Count Other,Allele Number Other,Homozygote Count Other,Allele Count South Asian,Allele Number South Asian,Homozygote Count South Asian
6,78400349,rs146068557,A,G,,,,PASS,upstream gene,,2,3258,0,0.0006139,0,332,0,2,56,0,0,1036,0,0,1590,0,0,80,0,0,64,0,0,100,0
6,78400366,rs59031566,A,T,,,,PASS,upstream gene,,504,3268,31,0.1542,49,336,1,20,56,3,143,1044,6,248,1590,15,15,80,3,10,62,1,19,100,2
6,78400402,.,A,C,p.Lys5Thr,p.Lys5Thr,c.14A>C,PASS,missense,,1,3358,0,0.0002978,0,354,0,0,56,0,1,1104,0,0,1592,0,0,84,0,0,66,0,0,102,0
6,78400517,.,GCA,G,p.Gln44ValfsTer8,p.Gln44ValfsTer8,c.130_131delCA,PASS,frameshift,,1,4220,0,0.000237,0,516,0,0,66,0,1,1758,0,0,1600,0,0,100,0,0,66,0,0,114,0
6,78400624,rs72896583,A,G,c.232+4A>G,,c.232+4A>G,PASS,splice region,,348,3534,20,0.09847,6,380,0,1,66,0,128,1220,6,192,1592,12,12,96,2,5,66,0,4,114,0
6,78400665,.,T,C,,,c.232+45T>C,PASS,intron,,5,3518,0,0.001421,1,382,0,0,66,0,3,1200,0,0,1592,0,1,96,0,0,68,0,0,114,0
6,78470852,.,G,A,p.Val80Ile,p.Val80Ile,c.238G>A,PASS,missense,,1,3442,0,0.0002905,0,368,0,0,66,0,1,1148,0,0,1584,0,0,96,0,0,66,0,0,114,0
6,78470899,.,A,G,p.Thr95Thr,p.Thr95Thr,c.285A>G,PASS,synonymous,,1,3648,0,0.0002741,1,404,0,0,66,0,0,1304,0,0,1598,0,0,96,0,0,66,0,0,114,0
6,78470923,rs114721709,A,G,p.Gly103Gly,p.Gly103Gly,c.309A>G,PASS,synonymous,,12,4072,0,0.002947,12,478,0,0,66,0,0,1636,0,0,1610,0,0,98,0,0,70,0,0,114,0
6,78470937,rs146502233,A,G,p.Asn108Ser,p.Asn108Ser,c.323A>G,PASS,missense,,3,4320,0,0.0006944,3,530,0,0,68,0,0,1814,0,0,1620,0,0,100,0,0,74,0,0,114,0
6,78471025,.,A,G,p.Lys137Lys,p.Lys137Lys,c.411A>G,PASS,synonymous,,35,4894,0,0.007152,0,680,0,0,68,0,7,2182,0,27,1660,0,0,110,0,1,80,0,0,114,0
6,78471055,rs141017054,G,A,p.Leu147Leu,p.Leu147Leu,c.441G>A,PASS,synonymous,,7,4630,0,0.001512,7,614,0,0,66,0,0,2018,0,0,1640,0,0,106,0,0,72,0,0,114,0
6,78471126,.,G,A,p.Arg171Lys,p.Arg171Lys,c.512G>A,PASS,missense,,1,3634,0,0.0002752,0,388,0,0,66,0,1,1304,0,0,1596,0,0,98,0,0,68,0,0,114,0
6,78471167,.,G,A,p.Asp185Asn,p.Asp185Asn,c.553G>A,PASS,missense,,1,3540,0,0.0002825,0,380,0,0,66,0,0,1226,0,0,1592,0,0,96,0,0,66,0,1,114,0
6,78471205,.,T,G,p.Phe197Leu,p.Phe197Leu,c.591T>G,PASS,missense,,1,3616,0,0.0002765,0,384,0,0,66,0,1,1298,0,0,1592,0,0,96,0,0,66,0,0,114,0
6,78471224,.,C,T,p.Pro204Ser,p.Pro204Ser,c.610C>T,PASS,missense,,2,3662,0,0.0005461,0,386,0,0,66,0,1,1342,0,0,1592,0,0,96,0,1,66,0,0,114,0
6,78471243,rs143337069,C,A,p.Thr210Lys,p.Thr210Lys,c.629C>A,PASS,missense,,1,3676,0,0.000272,1,388,0,0,66,0,0,1350,0,0,1596,0,0,96,0,0,66,0,0,114,0
6,78471244,rs146822810,A,G,p.Thr210Thr,p.Thr210Thr,c.630A>G,PASS,synonymous,,5,3676,1,0.00136,0,388,0,4,66,1,0,1350,0,0,1596,0,0,96,0,0,66,0,1,114,0
6,78471280,rs192958989,C,G,p.Asp222Glu,p.Asp222Glu,c.666C>G,PASS,missense,,11,3614,0,0.003044,1,390,0,0,66,0,5,1286,0,5,1596,0,0,96,0,0,66,0,0,114,0
6,78471294,rs78645594,G,A,p.Ser227Asn,p.Ser227Asn,c.680G>A,PASS,missense,,12,3574,0,0.003358,11,386,0,0,66,0,0,1252,0,0,1594,0,1,96,0,0,66,0,0,114,0
6,78471362,.,G,A,p.Gly250Arg,p.Gly250Arg,c.748G>A,PASS,missense,,1,3454,0,0.0002895,0,370,0,0,66,0,1,1150,0,0,1592,0,0,96,0,0,66,0,0,114,0
6,78471378,.,A,G,p.Asn255Ser,p.Asn255Ser,c.764A>G,PASS,missense,,1,3454,0,0.0002895,0,370,0,1,66,0,0,1150,0,0,1592,0,0,96,0,0,66,0,0,114,0
6,78471398,rs56945277,C,T,,,c.768+16C>T,PASS,intron,,4,3454,0,0.001158,4,370,0,0,66,0,0,1150,0,0,1592,0,0,96,0,0,66,0,0,114,0
6,78538609,rs77387667,C,T,,,c.769-39C>T,PASS,intron,,89,4336,2,0.02053,0,514,0,0,70,0,46,1844,0,43,1616,2,0,104,0,0,74,0,0,114,0
6,78538610,rs138433954,G,A,,,c.769-38G>A,PASS,intron,,1,4330,0,0.0002309,1,516,0,0,70,0,0,1836,0,0,1616,0,0,104,0,0,74,0,0,114,0
6,78538656,.,G,A,p.Val259Val,p.Val259Val,c.777G>A,PASS,synonymous,,3,4392,0,0.0006831,0,516,0,0,70,0,1,1884,0,0,1630,0,0,102,0,0,76,0,2,114,0
6,78538723,rs116566126,T,C,p.Ser282Pro,p.Ser282Pro,c.844T>C,PASS,missense,,4,3872,0,0.001033,3,428,0,0,66,0,0,1496,0,0,1604,0,1,94,0,0,70,0,0,114,0
6,78538827,rs186960732,A,G,,,c.900+48A>G,PASS,intron,,40,3446,1,0.01161,0,370,0,0,64,0,5,1148,0,33,1592,1,0,94,0,2,66,0,0,112,0
6,78632770,rs4598029,C,G,,,c.901-36C>G,PASS,intron,,2701,3790,968,0.7127,362,434,150,62,68,29,941,1412,308,1131,1596,405,70,98,26,50,68,19,85,114,31
6,78632770,rs4598029,C,A,,,c.901-36C>A,PASS,intron,,1,3790,0,0.0002639,0,434,0,0,68,0,1,1412,0,0,1596,0,0,98,0,0,68,0,0,114,0
6,78632774,rs181670716,A,G,,,c.901-32A>G,PASS,intron,,14,3750,0,0.003733,0,420,0,0,68,0,8,1396,0,6,1592,0,0,94,0,0,66,0,0,114,0
6,78632814,.,C,G,p.Ala303Ala,p.Ala303Ala,c.909C>G,PASS,synonymous,,1,3828,0,0.0002612,0,426,0,0,66,0,0,1468,0,0,1592,0,1,94,0,0,68,0,0,114,0
6,78632919,rs9343695,T,G,p.His338Gln,p.His338Gln,c.1014T>G,PASS,missense,,84,3440,2,0.02442,29,368,0,10,64,1,10,1148,0,21,1590,1,7,90,0,3,68,0,4,112,0
6,78633048,.,A,C,p.Glu381Asp,p.Glu381Asp,c.1143A>C,PASS,missense,,1,3394,0,0.0002946,0,362,0,0,64,0,1,1140,0,0,1560,0,0,96,0,0,60,0,0,112,0
6,78633079,rs7740644,A,G,,,c.*16A>G,PASS,3' UTR,,1063,3274,174,0.3247,180,354,44,27,64,7,320,1118,43,464,1490,62,28,88,9,17,56,4,27,104,5
6,78633087,rs147690677,C,T,,,c.*24C>T,PASS,3' UTR,,30,3218,0,0.009323,0,352,0,0,62,0,6,1104,0,22,1438,0,0,92,0,2,58,0,0,112,0
6,78633088,.,G,A,,,c.*25G>A,PASS,3' UTR,,3,3212,0,0.000934,0,352,0,0,62,0,0,1098,0,3,1438,0,0,92,0,0,58,0,0,112,0
6,78633110,.,A,C,,,c.*47A>C,PASS,3' UTR,,1,3076,0,0.0003251,1,350,0,0,58,0,0,1064,0,0,1354,0,0,90,0,0,52,0,0,108,0